path,title,date,source_url,type
official-reports/CSI-ONLQ_Hybrid-Summit-User-Guide_EN-2026.pdf,CSI-ONLQ_Hybrid-Summit-User-Guide_EN-2026.pdf,2026-06-24,https://www.csisoftware.com/wp-content/uploads/2026/04/CSI-ONLQ_Hybrid-Summit-User-Guide_EN-2026.pdf,pdf
official-reports/ConstellationSoftware_SEDAR_Notice_E03-2026.pdf,ConstellationSoftware_SEDAR_Notice_E03-2026.pdf,2026-06-24,https://www.csisoftware.com/wp-content/uploads/2026/04/ConstellationSoftware_SEDAR_Notice_E03-2026.pdf,pdf
official-reports/ConstellationSoftware_SEDAR_Proxy_E02-2026.pdf,ConstellationSoftware_SEDAR_Proxy_E02-2026.pdf,2026-06-24,https://www.csisoftware.com/wp-content/uploads/2026/04/ConstellationSoftware_SEDAR_Proxy_E02-2026.pdf,pdf
official-reports/MIC-EN-2026.pdf,MIC-EN-2026.pdf,2026-06-24,https://www.csisoftware.com/wp-content/uploads/2026/04/MIC-EN-2026.pdf,pdf
official-reports/Q1-2025-Shareholder-Report.pdf,Q1-2025-Shareholder-Report.pdf,2026-06-24,https://www.csisoftware.com/wp-content/uploads/2026/04/Q1-2025-Shareholder-Report.pdf,pdf
official-reports/Q2-2025-Shareholder-Report.pdf,Q2-2025-Shareholder-Report.pdf,2026-06-24,https://www.csisoftware.com/wp-content/uploads/2026/04/Q2-2025-Shareholder-Report.pdf,pdf
official-reports/Q3-2025-Shareholder-Report.pdf,Q3-2025-Shareholder-Report.pdf,2026-06-24,https://www.csisoftware.com/wp-content/uploads/2026/04/Q3-2025-Shareholder-Report.pdf,pdf
official-reports/Q4-2025-Shareholder-Report.pdf,Q4-2025-Shareholder-Report.pdf,2026-06-24,https://www.csisoftware.com/wp-content/uploads/2026/04/Q4-2025-Shareholder-Report.pdf,pdf
official-reports/CSI-Financial-Statement-Q126-Final.pdf,CSI-Financial-Statement-Q126-Final.pdf,2026-06-24,https://www.csisoftware.com/wp-content/uploads/2026/05/CSI-Financial-Statement-Q126-Final.pdf,pdf
official-reports/CSI-MDA-Q1-2026-Final.pdf,CSI-MDA-Q1-2026-Final.pdf,2026-06-24,https://www.csisoftware.com/wp-content/uploads/2026/05/CSI-MDA-Q1-2026-Final.pdf,pdf
official-reports/Q1-2026-Shareholder-Report.pdf,Q1-2026-Shareholder-Report.pdf,2026-06-24,https://www.csisoftware.com/wp-content/uploads/2026/05/Q1-2026-Shareholder-Report.pdf,pdf
