yard_id,yard_num,country,region,state_province,name,city,address,postal,phone,fax,ownership,legal_owner,parcel_id,acres,zoning,registry_status,source_url,source_file,notes
1,1,US,US,CA,COPART VALLEJO,VALLEJO,282 FIFTH STREET,94590,(707) 644-4468,(707) 644-1729,unknown,,,,,address_confirmed,https://www.copart.com/locations/vallejo-ca-1,investor-documents/copart_locations_us_by_state.snapshot.md,
2,2,US,US,CA,COPART SACRAMENTO,SACRAMENTO,8600 MORRISON CREEK DRIVE,95828,(916) 381-3999,(916) 381-4159,unknown,,,,,address_confirmed,https://www.copart.com/locations/sacramento-ca-2,investor-documents/copart_locations_us_by_state.snapshot.md,
3,3,US,US,CA,COPART HAYWARD,HAYWARD,1964 SABRE STREET,94545,(510) 783-6511,(510) 783-3883,unknown,,,,,address_confirmed,https://www.copart.com/locations/hayward-ca-3,investor-documents/copart_locations_us_by_state.snapshot.md,
4,4,US,US,CA,COPART FRESNO,FRESNO,1255 EAST CENTRAL,93725,(559) 266-6400,(559) 266-5202,unknown,,,,,address_confirmed,https://www.copart.com/locations/fresno-ca-4,investor-documents/copart_locations_us_by_state.snapshot.md,
5,5,US,US,CA,COPART BAKERSFIELD,BAKERSFIELD,2216 COY AVENUE,93307,(661) 834-2556,(661) 834-1563,unknown,,,,,address_confirmed,https://www.copart.com/locations/bakersfield-ca-5,investor-documents/copart_locations_us_by_state.snapshot.md,
6,6,US,US,CA,COPART SAN JOSE,SAN MARTIN,13895 LLAGAS AVENUE,95046,(408) 683-9393,(408) 683-9411,unknown,,,,,address_confirmed,https://www.copart.com/locations/san-martin-ca-6,investor-documents/copart_locations_us_by_state.snapshot.md,
7,7,US,US,CA,COPART SAN BERNARDINO,COLTON,1203 S. RANCHO AVENUE,92324,(909) 825-7600,(909) 825-6528,unknown,,,,,address_confirmed,https://www.copart.com/locations/colton-ca-7,investor-documents/copart_locations_us_by_state.snapshot.md,
9,9,US,US,OR,COPART PORTLAND NORTH,PORTLAND,6900 NE CORNFOOT DRIVE,97218,(503) 281-0848,(503)281-2019,unknown,,,,,address_confirmed,https://www.copart.com/locations/portland-or-9,investor-documents/copart_locations_us_by_state.snapshot.md,
10,10,US,US,CA,COPART LOS ANGELES,LOS ANGELES,8423 SOUTH ALAMEDA,90001,(323) 583-1713,(323) 583-8642,unknown,,,,,address_confirmed,https://www.copart.com/locations/los-angeles-ca-10,investor-documents/copart_locations_us_by_state.snapshot.md,
11,11,US,US,TX,COPART HOUSTON,HOUSTON,1655 RANKIN ROAD,77073,(281)214-7800,(281) 443-0753,unknown,,,,,address_confirmed,https://www.copart.com/locations/houston-tx-11,investor-documents/copart_locations_us_by_state.snapshot.md,
12,12,US,US,TX,COPART DALLAS,GRAND PRAIRIE,505 IDLEWILD ROAD,75051,(972) 263-2711,(972) 263-9137,unknown,,,,,address_confirmed,https://www.copart.com/locations/grand-prairie-tx-12,investor-documents/copart_locations_us_by_state.snapshot.md,
13,13,US,US,TX,COPART LUFKIN,LUFKIN,3700 OLD UNION ROAD,75904,(936) 639-3558,(936) 634-9771,unknown,,,,,address_confirmed,https://www.copart.com/locations/lufkin-tx-13,investor-documents/copart_locations_us_by_state.snapshot.md,
14,14,US,US,TX,COPART LONGVIEW,LONGVIEW,3046 HIGHWAY 322 SOUTH,75603,(903) 643-9705,(903) 643-9958,unknown,,,,,address_confirmed,https://www.copart.com/locations/longview-tx-14,investor-documents/copart_locations_us_by_state.snapshot.md,
15,15,US,US,GA,COPART ATLANTA WEST,AUSTELL,2568 OLD ALABAMA ROAD,30168,(770) 941-9775,(770) 944-7289,unknown,,,,,address_confirmed,https://www.copart.com/locations/austell-ga-15,investor-documents/copart_locations_us_by_state.snapshot.md,
16,16,US,US,CA,COPART SOUTH SACRAMENTO,SACRAMENTO,8687 WEYAND AVE,95828,(916) 381-5050,(916) 381-0524,unknown,,,,,address_confirmed,https://www.copart.com/locations/sacramento-ca-16,investor-documents/copart_locations_us_by_state.snapshot.md,
17,17,US,US,KS,COPART KANSAS CITY,KANSAS CITY,6211 KANSAS AVE,66111,(913) 287-6200,(913) 287-4665,unknown,,,,,address_confirmed,https://www.copart.com/locations/kansas-city-ks-17,investor-documents/copart_locations_us_by_state.snapshot.md,
18,18,US,US,OK,COPART OKLAHOMA CITY,OKLAHOMA CITY,2829 SE 15TH STREET,73129,(405) 672-5674,(405) 672-9523,unknown,,,,,address_confirmed,https://www.copart.com/locations/oklahoma-city-ok-18,investor-documents/copart_locations_us_by_state.snapshot.md,
19,19,US,US,OK,COPART TULSA,TULSA,2408 W 21ST STREET,74107,(918) 582-3828,(918) 582-3109,unknown,,,,,address_confirmed,https://www.copart.com/locations/tulsa-ok-19,investor-documents/copart_locations_us_by_state.snapshot.md,
20,20,US,US,MO,COPART ST. LOUIS,BRIDGETON,13033 TAUSSIG AVE,63044,(314) 291-8400,(314) 291-6287,unknown,,,,,address_confirmed,https://www.copart.com/locations/bridgeton-mo-20,investor-documents/copart_locations_us_by_state.snapshot.md,
21,21,US,US,AR,COPART LITTLE ROCK,CONWAY,703 MAIN ST,72032,(501) 796-2812,(501) 796-3131,unknown,,,,,address_confirmed,https://www.copart.com/locations/conway-ar-21,investor-documents/copart_locations_us_by_state.snapshot.md,
22,22,US,US,TN,COPART MEMPHIS,MEMPHIS,5545 SWINNEA RD,38118,(901) 398-8989,(901) 398-2377,unknown,,,,,address_confirmed,https://www.copart.com/locations/memphis-tn-22,investor-documents/copart_locations_us_by_state.snapshot.md,
23,23,US,US,CT,COPART HARTFORD,NEW BRITAIN,138 CHRISTIAN LANE,06051,(860) 666-1183,(860) 667-2630,unknown,,,,,address_confirmed,https://www.copart.com/locations/new-britain-ct-23,investor-documents/copart_locations_us_by_state.snapshot.md,
24,24,US,US,NY,COPART NEWBURGH,MARLBORO,91 RIVERVIEW DRIVE,12542,(845) 236-3371,(845) 236-7544,unknown,,,,,address_confirmed,https://www.copart.com/locations/marlboro-ny-24,investor-documents/copart_locations_us_by_state.snapshot.md,
25,25,US,US,NY,COPART SYRACUSE,CENTRAL SQUARE,46 ZUK-PIERCE RD,13036,(315) 676-7153,(315) 676-5147,unknown,,,,,address_confirmed,https://www.copart.com/locations/central-square-ny-25,investor-documents/copart_locations_us_by_state.snapshot.md,
26,26,US,US,PA,COPART PHILADELPHIA,PENNSBURG,2704 GERYVILLE PIKE,18073,(215) 679-3164,(215) 679-4322,unknown,,,,,address_confirmed,https://www.copart.com/locations/pennsburg-pa-26,investor-documents/copart_locations_us_by_state.snapshot.md,
27,27,US,US,MA,COPART SOUTH BOSTON,MENDON,82 CAPE ROAD,01756,(508) 473-4572,(508) 473-0175,unknown,,,,,address_confirmed,https://www.copart.com/locations/mendon-ma-27,investor-documents/copart_locations_us_by_state.snapshot.md,
28,28,US,US,PA,COPART PITTSBURGH NORTH,ELLWOOD CITY,2000 RIVER ROAD,16117,(724) 758-0480,(724) 758-1637,unknown,,,,,address_confirmed,https://www.copart.com/locations/ellwood-city-pa-28,investor-documents/copart_locations_us_by_state.snapshot.md,
29,29,US,US,OH,COPART COLOMBUS,COLOMBUS,1680 WILLIAMS ROAD,43207,(614) 497-1590,(614) 497-3698,unknown,,,,,address_confirmed,https://www.copart.com/locations/colombus-oh-29,investor-documents/copart_locations_us_by_state.snapshot.md,
30,30,US,US,NY,COPART LONG ISLAND,BROOKHAVEN,1983 MONTAUK HIGHWAY,11719,(631) 776-0994,(631) 776-1724,unknown,,,,,address_confirmed,https://www.copart.com/locations/brookhaven-ny-30,investor-documents/copart_locations_us_by_state.snapshot.md,
31,31,US,US,NJ,COPART GLASSBORO EAST,GLASSBORO,200 GROVE ST,08028,(856) 881-6700,(856) 863-1683,unknown,,,,,address_confirmed,https://www.copart.com/locations/glassboro-nj-31,investor-documents/copart_locations_us_by_state.snapshot.md,
32,32,US,US,MD,COPART WASHINGTON DC,WALDORF,11055 BILLINGSLEY ROAD,20602,(301) 870-7844,(301) 870-7490,unknown,,,,,address_confirmed,https://www.copart.com/locations/waldorf-md-32,investor-documents/copart_locations_us_by_state.snapshot.md,
33,33,US,US,FL,COPART MIAMI NORTH,MIAMI,12850 NW 27TH AVE,33054,(305) 688-6400,(305) 688-4932,unknown,,,,,address_confirmed,https://www.copart.com/locations/miami-fl-33,investor-documents/copart_locations_us_by_state.snapshot.md,
34,34,US,US,FL,COPART TAMPA SOUTH,RIVERVIEW,12020 US HIGHWAY 301 SOUTH,33578,(813) 671-5550,(813) 671-5452,unknown,,,,,address_confirmed,https://www.copart.com/locations/riverview-fl-34,investor-documents/copart_locations_us_by_state.snapshot.md,
35,35,US,US,NY,COPART ROCHESTER,LEROY,4 WEST AVE,14482,(585) 768-8160,(585) 768-9391,unknown,,,,,address_confirmed,https://www.copart.com/locations/leroy-ny-35,investor-documents/copart_locations_us_by_state.snapshot.md,
36,36,US,US,IL,COPART CHICAGO NORTH,ELGIN,1475 BLUFF CITY BLVD,60120,(630) 497-8343,(630) 497-8391,unknown,,,,,address_confirmed,https://www.copart.com/locations/elgin-il-36,investor-documents/copart_locations_us_by_state.snapshot.md,
37,37,US,US,MN,COPART MINNEAPOLIS,BLAINE,10588 CENTRAL AVE NE,55434,(763) 781-1025,(763) 781-1082,unknown,,,,,address_confirmed,https://www.copart.com/locations/blaine-mn-37,investor-documents/copart_locations_us_by_state.snapshot.md,
38,38,US,US,WI,COPART MADISON,MADISON,5448 LIEN ROAD,53718,(608) 249-3577,(608) 249-4248,unknown,,,,,address_confirmed,https://www.copart.com/locations/madison-wi-38,investor-documents/copart_locations_us_by_state.snapshot.md,
39,39,US,US,WI,COPART MILWAUKEE,CUDAHY,4825 S WHITNALL AVE,53110,(414) 769-7665,(414) 769-0885,unknown,,,,,address_confirmed,https://www.copart.com/locations/cudahy-wi-39,investor-documents/copart_locations_us_by_state.snapshot.md,
40,40,US,US,MS,COPART JACKSON,FLORENCE,205 S RANKIN INDUSTRIAL DRIVE,39073,(601) 939-7941,(601) 939-6438,unknown,,,,,address_confirmed,https://www.copart.com/locations/florence-ms-40,investor-documents/copart_locations_us_by_state.snapshot.md,
41,41,US,US,NC,COPART CHINA GROVE,CHINA GROVE,1081 RECOVERY ROAD,28023,(704) 857-5177,(704) 857-5186,unknown,,,,,address_confirmed,https://www.copart.com/locations/china-grove-nc-41,investor-documents/copart_locations_us_by_state.snapshot.md,
43,43,US,US,CA,COPART VAN NUYS,VAN NUYS,7519 WOODMAN AVENUE,91405,(818) 782-5315,(818) 782-5318,unknown,,,,,address_confirmed,https://www.copart.com/locations/van-nuys-ca-43,investor-documents/copart_locations_us_by_state.snapshot.md,
44,44,US,US,IN,COPART INDIANAPOLIS,INDIANAPOLIS,4040 OFFICE PLAZA BLVD,46254,(317) 216-2186,(317) 216-2185,unknown,,,,,address_confirmed,https://www.copart.com/locations/indianapolis-in-44,investor-documents/copart_locations_us_by_state.snapshot.md,
45,45,US,US,TX,COPART EL PASO,ANTHONY,501 VALLEY CHILI RD,79821,(915) 600-7145,(915) 886-6113,unknown,,,,,address_confirmed,https://www.copart.com/locations/anthony-tx-45,investor-documents/copart_locations_us_by_state.snapshot.md,
47,47,US,US,AZ,COPART PHOENIX,PHOENIX,615 SO. 51ST AVENUE,85043,(602) 484-7075,(602) 484-7074,unknown,,,,,address_confirmed,https://www.copart.com/locations/phoenix-az-47,investor-documents/copart_locations_us_by_state.snapshot.md,
48,48,US,US,WA,COPART NORTH SEATTLE,ARLINGTON,16701 51ST AVE NE,98223,(360) 651-6299,(360) 651-8403,unknown,,,,,address_confirmed,https://www.copart.com/locations/arlington-wa-48,investor-documents/copart_locations_us_by_state.snapshot.md,
50,50,US,US,LA,COPART BATON ROUGE,GREENWELL SPRINGS,21595 GREENWELL SPRINGS RD,70739,(225) 261-0102,(225) 261-0721,unknown,,,,,address_confirmed,https://www.copart.com/locations/greenwell-springs-la-50,investor-documents/copart_locations_us_by_state.snapshot.md,
51,51,US,US,IL,COPART PEORIA,PEKIN,350 VETERANS DRIVE,61554,(309) 272-3733,(309) 347-6202,unknown,,,,,address_confirmed,https://www.copart.com/locations/pekin-il-51,investor-documents/copart_locations_us_by_state.snapshot.md,
52,52,US,US,MN,COPART ST. CLOUD,AVON,200 COUNTY ROAD 159,56310,(320) 356-2299,(320) 356-7456,unknown,,,,,address_confirmed,https://www.copart.com/locations/avon-mn-52,investor-documents/copart_locations_us_by_state.snapshot.md,
53,53,US,US,MA,COPART NORTH BOSTON,NORTH BILLERICA,55R HIGH ST,01682,(978) 667-6787,(978) 667-0073,unknown,,,,,address_confirmed,https://www.copart.com/locations/north-billerica-ma-53,investor-documents/copart_locations_us_by_state.snapshot.md,
54,54,US,US,NC,COPART RALEIGH,DUNN,310 COPART ROAD,28334,(910) 891-1252,(910) 891-1858,unknown,,,,,address_confirmed,https://www.copart.com/locations/dunn-nc-54,investor-documents/copart_locations_us_by_state.snapshot.md,
55,55,US,US,FL,COPART ORLANDO SOUTH,ORLANDO,307 EAST LANDSTREET ROAD,32824,(407) 251-9832,(407) 826-0415,unknown,,,,,address_confirmed,https://www.copart.com/locations/orlando-fl-55,investor-documents/copart_locations_us_by_state.snapshot.md,
56,56,US,US,SC,COPART COLUMBIA,GASTON,4324 HIGHWAY 321 SOUTH,29053,(803) 794-3252,(803) 794-3718,unknown,,,,,address_confirmed,https://www.copart.com/locations/gaston-sc-56,investor-documents/copart_locations_us_by_state.snapshot.md,
57,57,US,US,NV,COPART LAS VEGAS,LAS VEGAS,4810 N LAMB BLVD,89115,(702) 638-9300,(702) 638-9494,unknown,,,,,address_confirmed,https://www.copart.com/locations/las-vegas-nv-57,investor-documents/copart_locations_us_by_state.snapshot.md,
58,58,US,US,AL,COPART MOBILE,EIGHT MILE,4763 LOTT ROAD,36613,(251) 649-5011,(251) 649-5012,unknown,,,,,address_confirmed,https://www.copart.com/locations/eight-mile-al-58,investor-documents/copart_locations_us_by_state.snapshot.md,
59,59,US,US,CA,COPART SAN DIEGO,SAN DIEGO,7847 AIRWAY ROAD,92154,(619) 671-0900,(619) 671-0965,unknown,,,,,address_confirmed,https://www.copart.com/locations/san-diego-ca-59,investor-documents/copart_locations_us_by_state.snapshot.md,
60,60,US,US,IA,COPART DES MOINES,DES MOINES,3300 VANDALIA ROAD,50317,(515) 262-1900,(515) 262-1990,unknown,,,,,address_confirmed,https://www.copart.com/locations/des-moines-ia-60,investor-documents/copart_locations_us_by_state.snapshot.md,
61,61,US,US,MI,COPART DETROIT,WOODHAVEN,21000 HAYDEN DRIVE,48183,(734) 365-0070,(734) 365-0080,unknown,,,,,address_confirmed,https://www.copart.com/locations/woodhaven-mi-61,investor-documents/copart_locations_us_by_state.snapshot.md,
62,62,US,US,TX,COPART AUSTIN,NEW BRAUNFELS,8725 N INTERSTATE 35,78130,(830) 625-2030,(830) 625-2451,unknown,,,,,address_confirmed,https://www.copart.com/locations/new-braunfels-tx-62,investor-documents/copart_locations_us_by_state.snapshot.md,
63,63,US,US,TN,COPART NASHVILLE,LEBANON,865 STUMPY LANE,37090,(615) 449-6195,(615) 449-6936,unknown,,,,,address_confirmed,https://www.copart.com/locations/lebanon-tn-63,investor-documents/copart_locations_us_by_state.snapshot.md,
64,64,US,US,WA,COPART GRAHAM,GRAHAM,21421 MERIDIAN E,98338,(253) 847-8300,(253) 847-7787,unknown,,,,,address_confirmed,https://www.copart.com/locations/graham-wa-64,investor-documents/copart_locations_us_by_state.snapshot.md,
65,65,US,US,TX,COPART MCALLEN,MERCEDES,301 MILE 1 EAST,78570,(956) 514-4840,(956) 565-5078,unknown,,,,,address_confirmed,https://www.copart.com/locations/mercedes-tx-65,investor-documents/copart_locations_us_by_state.snapshot.md,
66,66,US,US,AL,COPART TANNER,TANNER,20760 SANDY ROAD,35671,(256) 306-9041,(256) 580-2942,unknown,,,,,address_confirmed,https://www.copart.com/locations/tanner-al-66,investor-documents/copart_locations_us_by_state.snapshot.md,
67,67,US,US,KS,COPART WICHITA,WICHITA,4510 S MADISON,67216,(316) 554-0123,(316) 554-1012,unknown,,,,,address_confirmed,https://www.copart.com/locations/wichita-ks-67,investor-documents/copart_locations_us_by_state.snapshot.md,
68,68,US,US,CO,COPART DENVER,BRIGHTON,1281 COUNTY ROAD 27,80603,(303) 659-0066,(303) 659-8113,unknown,,,,,address_confirmed,https://www.copart.com/locations/brighton-co-68,investor-documents/copart_locations_us_by_state.snapshot.md,
69,69,US,US,NJ,COPART GLASSBORO WEST,GLASSBORO,781 JACOB HARRIS AVENUE,08028,(609) 888-6808,(999) 999-9999,unknown,,,,,address_confirmed,https://www.copart.com/locations/glassboro-nj-69,investor-documents/copart_locations_us_by_state.snapshot.md,
70,70,US,US,FL,COPART WEST PALM BEACH,WEST PALM BEACH,7876 W BELVEDERE ROAD,33411,(561) 798-5158,(561) 798-3750,unknown,,,,,address_confirmed,https://www.copart.com/locations/west-palm-beach-fl-70,investor-documents/copart_locations_us_by_state.snapshot.md,
71,71,US,US,WA,COPART PASCO,PASCO,3333 N RAILROAD AVENUE,99301,(509) 547-1701,(509) 545-9268,unknown,,,,,address_confirmed,https://www.copart.com/locations/pasco-wa-71,investor-documents/copart_locations_us_by_state.snapshot.md,
72,72,US,US,ID,COPART BOISE,NAMPA,3716 NORTH MIDDLETON ROAD,83651,(208) 463-4040,(208) 442-1001,unknown,,,,,address_confirmed,https://www.copart.com/locations/nampa-id-72,investor-documents/copart_locations_us_by_state.snapshot.md,
73,73,US,US,TX,COPART ABILENE,ABILENE,2630 FM ROAD #3034,79601,(325) 676-2996,(325) 676-4683,unknown,,,,,address_confirmed,https://www.copart.com/locations/abilene-tx-73,investor-documents/copart_locations_us_by_state.snapshot.md,
74,74,US,US,TX,COPART SAN ANTONIO,SAN ANTONIO,11130 APPLEWHITE RD,78224,(210) 628-1690,(210) 628-1077,unknown,,,,,address_confirmed,https://www.copart.com/locations/san-antonio-tx-74,investor-documents/copart_locations_us_by_state.snapshot.md,
75,75,US,US,NM,COPART ALBUQUERQUE,ALBUQUERQUE,7705 BROADWAY SE,87105,(505) 877-2424,(505) 873-1152,unknown,,,,,address_confirmed,https://www.copart.com/locations/albuquerque-nm-75,investor-documents/copart_locations_us_by_state.snapshot.md,
76,76,US,US,PA,COPART HARRISBURG,GRANTVILLE,8 PARK DRIVE,17028,(717) 861-7400,(717) 861-5700,unknown,,,,,address_confirmed,https://www.copart.com/locations/grantville-pa-76,investor-documents/copart_locations_us_by_state.snapshot.md,
78,78,US,US,CA,COPART MARTINEZ,MARTINEZ,2701 WATERFRONT ROAD,94553,(925) 370-3900,(925) 370-3925,unknown,,,,,address_confirmed,https://www.copart.com/locations/martinez-ca-78,investor-documents/copart_locations_us_by_state.snapshot.md,
79,79,US,US,LA,COPART NEW ORLEANS,NEW ORLEANS,14600 OLD GENTILLY RD,70129,(504) 254-3944,(504) 254-9875,unknown,,,,,address_confirmed,https://www.copart.com/locations/new-orleans-la-79,investor-documents/copart_locations_us_by_state.snapshot.md,
80,80,US,US,MN,COPART MINNEAPOLIS NORTH,HAM LAKE,1526 BUNKER LAKE BLVD,55304,(763) 772-0700,(763) 772-0800,unknown,,,,,address_confirmed,https://www.copart.com/locations/ham-lake-mn-80,investor-documents/copart_locations_us_by_state.snapshot.md,
81,81,US,US,IL,COPART CHICAGO SOUTH,CHICAGO HEIGHTS,89 E SAUK TRAIL,60411,(708) 755-0506,(708) 755-0116,unknown,,,,,address_confirmed,https://www.copart.com/locations/chicago-heights-il-81,investor-documents/copart_locations_us_by_state.snapshot.md,
82,82,US,US,VA,COPART DANVILLE,CHATHAM,12360 US HWY 29,24531,(434) 473-6372,(434) 432-3201,unknown,,,,,address_confirmed,https://www.copart.com/locations/chatham-va-82,investor-documents/copart_locations_us_by_state.snapshot.md,
83,83,US,US,KY,COPART LEXINGTON WEST,LAWRENCEBURG,1051 INDUSTRY ROAD,40342,(502) 859-0051,(502) 859-0033,unknown,,,,,address_confirmed,https://www.copart.com/locations/lawrenceburg-ky-83,investor-documents/copart_locations_us_by_state.snapshot.md,
84,84,US,US,LA,COPART SHREVEPORT,SHREVEPORT,5235 GREENWOOD RD,71109,(318) 636-4242,(318) 631-3850,unknown,,,,,address_confirmed,https://www.copart.com/locations/shreveport-la-84,investor-documents/copart_locations_us_by_state.snapshot.md,
85,85,US,US,PA,COPART PITTSBURGH SOUTH,WEST MIFFLIN,526 THOMPSON RUN RD,15122,(412) 464-4340,(412) 464-4343,unknown,,,,,address_confirmed,https://www.copart.com/locations/west-mifflin-pa-85,investor-documents/copart_locations_us_by_state.snapshot.md,
86,86,US,US,FL,COPART FT. PIERCE,FT PIERCE,2601 CENTER ROAD,34946,(772) 461-6110,(772) 461-6499,unknown,,,,,address_confirmed,https://www.copart.com/locations/ft-pierce-fl-86,investor-documents/copart_locations_us_by_state.snapshot.md,
87,87,US,US,GA,COPART SAVANNAH,SAVANNAH,5510 SILK HOPE ROAD,31405,(912) 233-1936,(912) 234-2549,unknown,,,,,address_confirmed,https://www.copart.com/locations/savannah-ga-87,investor-documents/copart_locations_us_by_state.snapshot.md,
88,88,US,US,GA,COPART TIFTON,TIFTON,399 OAKRIDGE CHURCH RD,31794,(229) 386-4900,(229) 386-5013,unknown,,,,,address_confirmed,https://www.copart.com/locations/tifton-ga-88,investor-documents/copart_locations_us_by_state.snapshot.md,
89,89,US,US,WV,COPART CHARLESTON,HURRICANE,1746 US ROUTE 60,25526,(304) 562-2088,(304) 562-2231,unknown,,,,,address_confirmed,https://www.copart.com/locations/hurricane-wv-89,investor-documents/copart_locations_us_by_state.snapshot.md,
90,90,US,US,ME,COPART LYMAN,ALFRED,136 KENNEBUNK POND ROAD,04002,(207) 249-6176,(207) 499-7081,unknown,,,,,address_confirmed,https://www.copart.com/locations/alfred-me-90,investor-documents/copart_locations_us_by_state.snapshot.md,
91,91,US,US,NJ,COPART SOMERVILLE,HILLSBOROUGH,2124 WEST CAMPLAIN ROAD,08844,(908) 541-2200,(908) 541-2270,unknown,,,,,address_confirmed,https://www.copart.com/locations/hillsborough-nj-91,investor-documents/copart_locations_us_by_state.snapshot.md,
92,92,US,US,MO,COPART SPRINGFIELD,ROGERSVILLE,2889 E US HIGHWAY 60,65742,(417) 200-0081,(417) 753-3443,unknown,,,,,address_confirmed,https://www.copart.com/locations/rogersville-mo-92,investor-documents/copart_locations_us_by_state.snapshot.md,
93,93,US,US,AZ,COPART TUSCON,TUCSON,5600 S. ARCADIA AVENUE,85706,(520) 663-1900,(520) 663-1955,unknown,,,,,address_confirmed,https://www.copart.com/locations/tucson-az-93,investor-documents/copart_locations_us_by_state.snapshot.md,
94,94,US,US,NY,COPART ALBANY,ALBANY,1916 CENTRAL AVE,12205,(518) 452-9313,(518) 452) 6303,unknown,,,,,address_confirmed,https://www.copart.com/locations/albany-ny-94,investor-documents/copart_locations_us_by_state.snapshot.md,
95,95,US,US,TX,COPART AMARILLO,AMARILLO,3999 S LOOP 335 E,79118,(806) 335-3701,(806) 335-2899,unknown,,,,,address_confirmed,https://www.copart.com/locations/amarillo-tx-95,investor-documents/copart_locations_us_by_state.snapshot.md,
96,96,US,US,TX,COPART CORPUS CHRISTI,CORPUS CHRISTI,3200 AGNES STREET,78405,(361) 884-9260,(361) 884-9247,unknown,,,,,address_confirmed,https://www.copart.com/locations/corpus-christi-tx-96,investor-documents/copart_locations_us_by_state.snapshot.md,
97,97,US,US,CA,COPART RANCHO CUCAMONGA,RANCHO CUCAMONGA,12167 ARROW ROUTE,91739,(909) 581-3595,(909) 581-3564,unknown,,,,,address_confirmed,https://www.copart.com/locations/rancho-cucamonga-ca-97,investor-documents/copart_locations_us_by_state.snapshot.md,
98,98,US,US,TX,COPART FT. WORTH,HASLET,950 BLUE MOUND ROAD WEST,76052,(817) 231-4500,(817) 231-4549,unknown,,,,,address_confirmed,https://www.copart.com/locations/haslet-tx-98,investor-documents/copart_locations_us_by_state.snapshot.md,
100,100,US,US,NV,COPART RENO,RENO,9915 N VIRGINIA STREET,89506,(775) 322-4377,(775) 322-6883,unknown,,,,,address_confirmed,https://www.copart.com/locations/reno-nv-100,investor-documents/copart_locations_us_by_state.snapshot.md,
101,101,US,US,VA,COPART RICHMOND EAST,CHARLES CITY,6300 CHAMBERS ROAD,23030,(804) 829-9160,(804) 829-9170,unknown,,,,,address_confirmed,https://www.copart.com/locations/charles-city-va-101,investor-documents/copart_locations_us_by_state.snapshot.md,
102,102,US,US,MD,COPART BALTIMORE,FINKSBURG,2251 OLD WESTMINSTER PIKE,21048,(410) 871-9080,(410) 871-2055,unknown,,,,,address_confirmed,https://www.copart.com/locations/finksburg-md-102,investor-documents/copart_locations_us_by_state.snapshot.md,
103,103,US,US,MI,COPART LANSING,LANSING,3902 SOUTH CANAL RD,48917,(517) 322-2455,(517) 322-2198,unknown,,,,,address_confirmed,https://www.copart.com/locations/lansing-mi-103,investor-documents/copart_locations_us_by_state.snapshot.md,
104,104,US,US,OR,COPART EUGENE,EUGENE,29815 END ROAD EAST,97402,(541) 689-3533,(541) 689-0379,unknown,,,,,address_confirmed,https://www.copart.com/locations/eugene-or-104,investor-documents/copart_locations_us_by_state.snapshot.md,
105,105,US,US,FL,COPART MIAMI CENTRAL,MIAMI,11858 NW 36TH AVE,33167,(305) 685-6608,(305) 685-9921,unknown,,,,,address_confirmed,https://www.copart.com/locations/miami-fl-105,investor-documents/copart_locations_us_by_state.snapshot.md,
106,106,US,US,MT,COPART HELENA,HELENA,3333 BOZEMAN AVENUE,59601,(406) 443-5060,(406) 443-9146,unknown,,,,,address_confirmed,https://www.copart.com/locations/helena-mt-106,investor-documents/copart_locations_us_by_state.snapshot.md,
107,107,US,US,GA,COPART ATLANTA EAST,LOGANVILLE,6089 HIGHWAY 20,30052,(770) 554-8836,,unknown,,,,,address_confirmed,https://www.copart.com/locations/loganville-ga-107,investor-documents/copart_locations_us_by_state.snapshot.md,
108,108,US,US,FL,COPART OCALA,OCALA,7100 NW 44 AVE,34482,(352) 732-5823,(352) 732-7368,unknown,,,,,address_confirmed,https://www.copart.com/locations/ocala-fl-108,investor-documents/copart_locations_us_by_state.snapshot.md,
110,110,US,US,HI,COPART HONOLULU,KAPOLEI,91-542 AWAKUMOKO ST,96707,(808) 682-8770,(808) 682-8780,unknown,,,,,address_confirmed,https://www.copart.com/locations/kapolei-hi-110,investor-documents/copart_locations_us_by_state.snapshot.md,
111,111,US,US,OH,COPART CLEVELAND EAST,NORTHFIELD,286 EAST TWINSBURG ROAD,44067,(330) 423-1080,(330) 467-8138,unknown,,,,,address_confirmed,https://www.copart.com/locations/northfield-oh-111,investor-documents/copart_locations_us_by_state.snapshot.md,
112,112,US,US,OH,COPART CLEVELAND WEST,COLUMBIA STATION,34417 E ROYALTON ROAD,44028,(440) 748-8100,(440) 748-8120,unknown,,,,,address_confirmed,https://www.copart.com/locations/columbia-station-oh-112,investor-documents/copart_locations_us_by_state.snapshot.md,
113,113,US,US,AK,COPART ANCHORAGE,ANCHORAGE,401 W CHIPPERFIELD DR,99501,(907) 278-2221,(907) 278-2363,unknown,,,,,address_confirmed,https://www.copart.com/locations/anchorage-ak-113,investor-documents/copart_locations_us_by_state.snapshot.md,
114,114,US,US,TN,COPART KNOXVILLE,MADISONVILLE,6355 B HIGHWAY 411,37354,(423) 442-5866,(423) 442-9098,unknown,,,,,address_confirmed,https://www.copart.com/locations/madisonville-tn-114,investor-documents/copart_locations_us_by_state.snapshot.md,
115,115,US,US,KY,COPART LEXINGTON EAST,LEXINGTON,5801 KASP COURT,40509,(859) 264-7401,(859) 264-7750,unknown,,,,,address_confirmed,https://www.copart.com/locations/lexington-ky-115,investor-documents/copart_locations_us_by_state.snapshot.md,
116,116,US,US,WA,COPART SPOKANE,AIRWAY HEIGHTS,11019 WEST MCFARLANE ROAD,99001,(509) 244-8585,(509) 244-8788,unknown,,,,,address_confirmed,https://www.copart.com/locations/airway-heights-wa-116,investor-documents/copart_locations_us_by_state.snapshot.md,
117,117,US,US,FL,COPART TALLAHASSEE,MIDWAY,1825 COMMERCE BLVD,32343,(850) 575-2075,(850) 575-3135,unknown,,,,,address_confirmed,https://www.copart.com/locations/midway-fl-117,investor-documents/copart_locations_us_by_state.snapshot.md,
118,118,US,US,CO,COPART COLORADO SPRINGS,COLORADO SPRINGS,3701 N. NEVADA AVE,80907,(719) 227-6256,(719) 227-3666,unknown,,,,,address_confirmed,https://www.copart.com/locations/colorado-springs-co-118,investor-documents/copart_locations_us_by_state.snapshot.md,
120,120,US,US,CO,COPART DENVER CENTRAL,DENVER,6464 DOWNING STREET,80229,(303) 289-5242,(303) 289-5240,unknown,,,,,address_confirmed,https://www.copart.com/locations/denver-co-120,investor-documents/copart_locations_us_by_state.snapshot.md,
122,122,US,US,MT,COPART BILLINGS,BILLINGS,1090 ISLAND PARK RD,59101,(406) 254-7516,(406) 254-1299,unknown,,,,,address_confirmed,https://www.copart.com/locations/billings-mt-122,investor-documents/copart_locations_us_by_state.snapshot.md,
123,123,US,US,NE,COPART LINCOLN,GREENWOOD,13603 238TH ST,68366,(402) 325-1283,(402) 944-2552,unknown,,,,,address_confirmed,https://www.copart.com/locations/greenwood-ne-123,investor-documents/copart_locations_us_by_state.snapshot.md,
125,125,US,US,MO,COPART COLUMBIA,COLUMBIA,8485 RICHLAND RD,65201,(573) 814-0070,(573) 814-0077,unknown,,,,,address_confirmed,https://www.copart.com/locations/columbia-mo-125,investor-documents/copart_locations_us_by_state.snapshot.md,
127,127,US,US,PA,COPART YORK HAVEN,YORK HAVEN,795 SIPE RD,17370,(717) 938-1879,(717) 938-2851,unknown,,,,,address_confirmed,https://www.copart.com/locations/york-haven-pa-127,investor-documents/copart_locations_us_by_state.snapshot.md,
128,128,US,US,PA,COPART CHAMBERSBURG,CHAMBERSBURG,2962 LINCOLN WAY WEST,17201,(717) 264-3331,(717) 264-6395,unknown,,,,,address_confirmed,https://www.copart.com/locations/chambersburg-pa-128,investor-documents/copart_locations_us_by_state.snapshot.md,
129,129,US,US,PA,COPART ALTOONA,EBENSBURG,4007 ADMIRAL PEARY HWY,15931,(814) 472-5392,(814) 472-5914,unknown,,,,,address_confirmed,https://www.copart.com/locations/ebensburg-pa-129,investor-documents/copart_locations_us_by_state.snapshot.md,
130,130,US,US,DE,COPART SEAFORD,SEAFORD,26029 BETHEL CONCORD ROAD,19973,(302) 628-5412,(302) 628-5418,unknown,,,,,address_confirmed,https://www.copart.com/locations/seaford-de-130,investor-documents/copart_locations_us_by_state.snapshot.md,
134,134,US,US,OR,COPART PORTLAND SOUTH,WOODBURN,2885 NATIONAL WAY,97071,(503) 981-0038,(503) 982-5622,unknown,,,,,address_confirmed,https://www.copart.com/locations/woodburn-or-134,investor-documents/copart_locations_us_by_state.snapshot.md,
135,135,US,US,NJ,COPART TRENTON,WINDSOR,108 N MAIN STREET,08561,(609) 918-1720,(609) 918-1725,unknown,,,,,address_confirmed,https://www.copart.com/locations/windsor-nj-135,investor-documents/copart_locations_us_by_state.snapshot.md,
136,136,US,US,AL,COPART BIRMINGHAM,HUEYTOWN,3101 DAVEY ALLISON BLVD,35023,(205) 424-0257,(205) 424-0955,unknown,,,,,address_confirmed,https://www.copart.com/locations/hueytown-al-136,investor-documents/copart_locations_us_by_state.snapshot.md,
137,137,US,US,FL,COPART PUNTA GORDA,PUNTA GORDA,5017 DUNCAN ROAD,33982,(941) 505-9700,(941) 505-5596,unknown,,,,,address_confirmed,https://www.copart.com/locations/punta-gorda-fl-137,investor-documents/copart_locations_us_by_state.snapshot.md,
138,138,US,US,KY,COPART WALTON,WALTON,13273 DIXIE HIGHWAY,41094,(859) 356-4900,(859) 356-5999,unknown,,,,,address_confirmed,https://www.copart.com/locations/walton-ky-138,investor-documents/copart_locations_us_by_state.snapshot.md,
139,139,US,US,VA,COPART RICHMOND,SANDSTON,5701 WHITESIDE RD,23150,(804) 328-1023,(804) 737-8482,unknown,,,,,address_confirmed,https://www.copart.com/locations/sandston-va-139,investor-documents/copart_locations_us_by_state.snapshot.md,
140,140,US,US,AR,COPART FAYETTEVILLE,PRAIRIE GROVE,15976 BILL CAMPBELL ROAD,72753,(479) 846-1244,(479) 846-1249,unknown,,,,,address_confirmed,https://www.copart.com/locations/prairie-grove-ar-140,investor-documents/copart_locations_us_by_state.snapshot.md,
141,141,US,US,MO,COPART SIKESTON,SIKESTON,687 E OUTER RD,63801,(573) 471-4550,(573) 471-3309,unknown,,,,,address_confirmed,https://www.copart.com/locations/sikeston-mo-141,investor-documents/copart_locations_us_by_state.snapshot.md,
142,142,US,US,PA,COPART SCRANTON,DURYEA,210 MCALPINE STREET,18642,(570) 451-1871,(570) 451-1990,unknown,,,,,address_confirmed,https://www.copart.com/locations/duryea-pa-142,investor-documents/copart_locations_us_by_state.snapshot.md,
143,143,US,US,KY,COPART LOUISVILLE,LOUISVILLE,3100 POND STATION RD,40272,(502) 361-1881,(502) 361-0544,unknown,,,,,address_confirmed,https://www.copart.com/locations/louisville-ky-143,investor-documents/copart_locations_us_by_state.snapshot.md,
144,144,US,US,SC,COPART SPARTANBURG,SPARTANBURG,1922 NAZARETH CHURCH ROAD,29301,(864) 877-9113,(864) 877-9344,unknown,,,,,address_confirmed,https://www.copart.com/locations/spartanburg-sc-144,investor-documents/copart_locations_us_by_state.snapshot.md,
145,145,US,US,AL,COPART MONTGOMERY,MONTGOMERY,6044 TROY HIGHWAY,36116,(334) 281-7264,(334) 613-9989,unknown,,,,,address_confirmed,https://www.copart.com/locations/montgomery-al-145,investor-documents/copart_locations_us_by_state.snapshot.md,
146,146,US,US,GA,COPART ATLANTA SOUTH,ELLENWOOD,761 CLARK DRIVE,30294,(770) 389-1768,(770) 389-8528,unknown,,,,,address_confirmed,https://www.copart.com/locations/ellenwood-ga-146,investor-documents/copart_locations_us_by_state.snapshot.md,
148,148,US,US,FL,COPART MIAMI SOUTH,HOMESTEAD,24301 SW 137TH AVE,33032,(305) 257-1422,(305) 257-1589,unknown,,,,,address_confirmed,https://www.copart.com/locations/homestead-fl-148,investor-documents/copart_locations_us_by_state.snapshot.md,
149,149,US,US,MA,COPART WEST WARREN,WEST WARREN,600 OLD WEST WARREN RD,01092,(413) 436-5013,(413) 436-7409,unknown,,,,,address_confirmed,https://www.copart.com/locations/west-warren-ma-149,investor-documents/copart_locations_us_by_state.snapshot.md,
151,151,US,US,CA,COPART ANTELOPE,ANTELOPE,8650 ANTELOPE NORTH ROAD,95843,(916) 721-7770,(916) 721-7809,unknown,,,,,address_confirmed,https://www.copart.com/locations/antelope-ca-151,investor-documents/copart_locations_us_by_state.snapshot.md,
152,152,US,US,IN,COPART HARTFORD CITY,HARTFORD CITY,696 EAST STATE ROAD 26,47348,(765) 348-4600,(765) 348-3900,unknown,,,,,address_confirmed,https://www.copart.com/locations/hartford-city-in-152,investor-documents/copart_locations_us_by_state.snapshot.md,
153,153,US,US,FL,COPART ORLANDO NORTH,APOPKA,3352 W ORANGE BLOSSOM TRAIL,32712,(407) 884-0993,(407) 884-0999,unknown,,,,,address_confirmed,https://www.copart.com/locations/apopka-fl-153,investor-documents/copart_locations_us_by_state.snapshot.md,
154,154,US,US,NC,COPART MEBANE,MEBANE,1870 US 70 HWY,27302,(336) 578-2934,(336) 578-5671,unknown,,,,,address_confirmed,https://www.copart.com/locations/mebane-nc-154,investor-documents/copart_locations_us_by_state.snapshot.md,
155,155,US,US,NH,COPART CANDIA,CANDIA,134 RAYMOND RD,03034,(603) 483-0371,(603) 483-0359,unknown,,,,,address_confirmed,https://www.copart.com/locations/candia-nh-155,investor-documents/copart_locations_us_by_state.snapshot.md,
156,156,US,US,IL,COPART WHEELING,WHEELING,110 EAST PALATINE ROAD,60090,(847) 229-6150,(847) 229-6170,unknown,,,,,address_confirmed,https://www.copart.com/locations/wheeling-il-156,investor-documents/copart_locations_us_by_state.snapshot.md,
157,157,US,US,GA,COPART ATLANTA NORTH,GAINESVILLE,1602 ATHENS HIGHWAY,30507,(770) 534-0850,(770) 536-7393,unknown,,,,,address_confirmed,https://www.copart.com/locations/gainesville-ga-157,investor-documents/copart_locations_us_by_state.snapshot.md,
159,159,US,US,MI,COPART FLINT,DAVISON,5000 N STATE ROAD,48243,(810) 653-4161,(810) 653-9307,unknown,,,,,address_confirmed,https://www.copart.com/locations/davison-mi-159,investor-documents/copart_locations_us_by_state.snapshot.md,
160,160,US,US,MI,COPART IONIA,PORTLAND,8460 S STATE ROAD,48875,(616) 374-8818,(616) 374-3181,unknown,,,,,address_confirmed,https://www.copart.com/locations/portland-mi-160,investor-documents/copart_locations_us_by_state.snapshot.md,
161,161,US,US,MI,COPART KINCHELOE,KINCHELOE,5030 W KINCHELOE ROAD,49788,(906) 542-4240,(906) 495-1170,unknown,,,,,address_confirmed,https://www.copart.com/locations/kincheloe-mi-161,investor-documents/copart_locations_us_by_state.snapshot.md,
162,162,US,US,VA,COPART HAMPTON,HAMPTON,16 NETTLES LANE,23666,(757) 766-2750,(757) 766-2753,unknown,,,,,address_confirmed,https://www.copart.com/locations/hampton-va-162,investor-documents/copart_locations_us_by_state.snapshot.md,
163,163,US,US,FL,COPART JACKSONVILLE NORTH,JACKSONVILLE,10200 ALTON BOX RD,32218,(904) 800-4631,(904) 757-1705,unknown,,,,,address_confirmed,https://www.copart.com/locations/jacksonville-fl-163,investor-documents/copart_locations_us_by_state.snapshot.md,
164,164,US,US,PA,COPART PHILADELPHIA EAST,CHALFONT,77 BRISTOL ROAD,18914,(215)996-0971,(215)996-0975,unknown,,,,,address_confirmed,https://www.copart.com/locations/chalfont-pa-164,investor-documents/copart_locations_us_by_state.snapshot.md,
166,166,US,US,OH,COPART DAYTON,MORAINE,4691 SPRINGBORO PIKE,45439,(937) 296-5371,(937) 296-0380,unknown,,,,,address_confirmed,https://www.copart.com/locations/moraine-oh-166,investor-documents/copart_locations_us_by_state.snapshot.md,
167,167,US,US,IN,COPART HAMMOND,HAMMOND,1849 SUMMER ST,46320,(219) 932-0355,(219) 932-0299,unknown,,,,,address_confirmed,https://www.copart.com/locations/hammond-in-167,investor-documents/copart_locations_us_by_state.snapshot.md,
169,169,US,US,IA,COPART DAVENPORT,ELDRIDGE,3601 S 1ST STREET,52748,(563) 275-3865,(563) 285-2167,unknown,,,,,address_confirmed,https://www.copart.com/locations/eldridge-ia-169,investor-documents/copart_locations_us_by_state.snapshot.md,
170,170,US,US,IN,COPART CICERO,CICERO,1461 E 226TH STREET,46034,(317) 758-0280,(317) 758-0282,unknown,,,,,address_confirmed,https://www.copart.com/locations/cicero-in-170,investor-documents/copart_locations_us_by_state.snapshot.md,
173,173,US,US,GA,COPART FAIRBURN,FAIRBURN,6737 ROOSEVELT HWY,30213,(478) 606-0000,(678) 538-9697,unknown,,,,,address_confirmed,https://www.copart.com/locations/fairburn-ga-173,investor-documents/copart_locations_us_by_state.snapshot.md,
174,174,US,US,PA,COPART PITTSBURGH WEST,WEST MIFFLIN,1451 LEBANON SCHOOL ROAD,15122,(412) 200-5626,(412) 460-0424,unknown,,,,,address_confirmed,https://www.copart.com/locations/west-mifflin-pa-174,investor-documents/copart_locations_us_by_state.snapshot.md,
175,175,US,US,GA,COPART CARTERSVILLE,CARTERSVILLE,1880 HWY 113,30120,(678) 721-0730,(678) 721-0734,unknown,,,,,address_confirmed,https://www.copart.com/locations/cartersville-ga-175,investor-documents/copart_locations_us_by_state.snapshot.md,
180,180,US,US,CA,COPART SUN VALLEY,SUN VALLEY,11409 PENROSE STREET,91352,(818) 771-9389,(818) 771-9853,unknown,,,,,address_confirmed,https://www.copart.com/locations/sun-valley-ca-180,investor-documents/copart_locations_us_by_state.snapshot.md,
181,181,US,US,TX,COPART DALLAS SOUTH,WILMER,1701 EAST BELTLINE RD,75172,(972) 525-6015,(972) 525-6319,unknown,,,,,address_confirmed,https://www.copart.com/locations/wilmer-tx-181,investor-documents/copart_locations_us_by_state.snapshot.md,
182,182,US,US,TX,COPART WACO,TEMPLE,7201 N GENERAL BRUCE DR,76501,(254) 773-8924,(254) 773-8968,unknown,,,,,address_confirmed,https://www.copart.com/locations/temple-tx-182,investor-documents/copart_locations_us_by_state.snapshot.md,
184,184,US,US,AL,COPART MOBILE SOUTH,THEODORE,9401 OLD PASCAGOULA RD,36582,(251) 220-1132,,unknown,,,,,address_confirmed,https://www.copart.com/locations/theodore-al-184,investor-documents/copart_locations_us_by_state.snapshot.md,
185,185,US,US,TX,COPART ANDREWS,ANDREWS,1975 SOUTH WEST 860,79714,(432) 524-6353,(432) 524-7776,unknown,,,,,address_confirmed,https://www.copart.com/locations/andrews-tx-185,investor-documents/copart_locations_us_by_state.snapshot.md,
186,186,US,US,CA,COPART LONG BEACH,WILMINGTON,1000E. LOMITA BLVD,90744,(310) 952-9316,(310) 347-4391,unknown,,,,,address_confirmed,https://www.copart.com/locations/wilmington-ca-186,investor-documents/copart_locations_us_by_state.snapshot.md,
187,187,US,US,GA,COPART MACON,BYRON,304 SMITH ROAD,31008,(478) 298-4159,(770) 944-7289,unknown,,,,,address_confirmed,https://www.copart.com/locations/byron-ga-187,investor-documents/copart_locations_us_by_state.snapshot.md,
188,188,US,US,UT,COPART OGDEN,FARR WEST,3586 NORTH 2000 WEST,84404,(801) 731-0216,(801) 731-7025,unknown,,,,,address_confirmed,https://www.copart.com/locations/farr-west-ut-188,investor-documents/copart_locations_us_by_state.snapshot.md,
189,189,US,US,IL,COPART SOUTHERN ILLINOIS,ALORTON,99 RACEHORSE DRIVE,62205,(618) 332-3115,(618) 337-0758,unknown,,,,,address_confirmed,https://www.copart.com/locations/alorton-il-189,investor-documents/copart_locations_us_by_state.snapshot.md,
191,191,US,US,WI,COPART APPLETON,APPLETON,2500 AMERICAN DRIVE,54914,(920) 830-2892,(920) 830-3367,unknown,,,,,address_confirmed,https://www.copart.com/locations/appleton-wi-191,investor-documents/copart_locations_us_by_state.snapshot.md,
192,192,US,US,WY,COPART CASPER,CASPER,1998 OIL FIELD CENTER RD,82604,(307) 234-6363,(307) 234-9397,unknown,,,,,address_confirmed,https://www.copart.com/locations/casper-wy-192,investor-documents/copart_locations_us_by_state.snapshot.md,
193,193,US,US,CO,COPART DENVER SOUTH,LITTLETON,8300 BLAKELAND DRIVE,80125,(303) 346-3265,(303) 356-3267,unknown,,,,,address_confirmed,https://www.copart.com/locations/littleton-co-193,investor-documents/copart_locations_us_by_state.snapshot.md,
194,194,US,US,VA,COPART FREDERICKSBURG,FREDERICKSBURG,4717 MASSAPONAX CHURCH ROAD,22408,(540) 595-3660,(540) 710-7050,unknown,,,,,address_confirmed,https://www.copart.com/locations/fredericksburg-va-194,investor-documents/copart_locations_us_by_state.snapshot.md,
196,196,US,US,NC,COPART MOCKSVILLE,MOCKSVILLE,2668 US-601,27028,(336) 257-1804,(336) 284-6202,unknown,,,,,address_confirmed,https://www.copart.com/locations/mocksville-nc-196,investor-documents/copart_locations_us_by_state.snapshot.md,
197,197,US,US,SC,COPART NORTH CHARLESTON,HARLEYVILLE,120 COMMERCE AVE,29448,(843) 900-6769,(843) 462-2695,unknown,,,,,address_confirmed,https://www.copart.com/locations/harleyville-sc-197,investor-documents/copart_locations_us_by_state.snapshot.md,
199,199,US,US,RI,COPART EXETER,EXETER,10 INDUSTRIAL DRIVE,02822,(401) 397-5711,(401) 397-5717,unknown,,,,,address_confirmed,https://www.copart.com/locations/exeter-ri-199,investor-documents/copart_locations_us_by_state.snapshot.md,
201,201,CA,Canada,ON,COPART TORONTO,COURTICE,175 OSBORNE ROAD,L1E 2R3,(905)436-2045,(905)436-2763,unknown,,,,,address_confirmed,https://www.copart.com/locations/courtice-on-201,investor-documents/copart_locations_us_by_state.snapshot.md,
202,202,CA,Canada,ON,COPART LONDON,LONDON,1809 GORE ROAD,N5W 6C8,(519)451-0992,(519)451-0662,unknown,,,,,address_confirmed,https://www.copart.com/locations/london-on-202,investor-documents/copart_locations_us_by_state.snapshot.md,
203,203,CA,Canada,AB,COPART CALGARY,CALGARY,234082 84 STREET SE,T1X 0K2,(403)290-1045,(403)265-8408,unknown,,,,,address_confirmed,https://www.copart.com/locations/calgary-ab-203,investor-documents/copart_locations_us_by_state.snapshot.md,
204,204,CA,Canada,AB,COPART EDMONTON,EDMONTON,3175 4TH STREET,T9E 8L1,(780)955-5596,(780)955-5963,unknown,,,,,address_confirmed,https://www.copart.com/locations/edmonton-ab-204,investor-documents/copart_locations_us_by_state.snapshot.md,
205,205,CA,Canada,QC,COPART MONTREAL,MONTREAL,6900 MARIEN AVENUE,H1B 4W3,(514)643-3000,(800)643-9241,unknown,,,,,address_confirmed,https://www.copart.com/locations/montreal-qc-205,investor-documents/copart_locations_us_by_state.snapshot.md,
207,207,CA,Canada,NS,COPART HALIFAX,HALIFAX,128 PARK ROAD,B2S 2L3,(902) 461-0238,(902) 461-2382,unknown,,,,,address_confirmed,https://www.copart.com/locations/halifax-ns-207,investor-documents/copart_locations_us_by_state.snapshot.md,
208,208,CA,Canada,NB,COPART MONCTON,MONCTON,1300 BERRY MILLS RD,E1E 4R8,(506) 268-2812,(506) 854-2369,unknown,,,,,address_confirmed,https://www.copart.com/locations/moncton-nb-208,investor-documents/copart_locations_us_by_state.snapshot.md,
309,309,US,US,CA,COPART ADELANTO,ADELANTO,10429 PANSY RD,92301,(442) 219-7140,,unknown,,,,,address_confirmed,https://www.copart.com/locations/adelanto-ca-309,investor-documents/copart_locations_us_by_state.snapshot.md,
313,313,US,US,TX,CRASHEDTOYS DALLAS,DALLAS,7777 JOHN W CARPENTER FREEWAY,75247,(214) 920-9664,(214) 920-9668,unknown,,,,,address_confirmed,https://www.copart.com/locations/dallas-tx-313,investor-documents/copart_locations_us_by_state.snapshot.md,
336,336,US,US,UT,COPART SALT LAKE CITY,MAGNA,7320 WEST 2100 SOUTH,84044,(801) 770-0703,(801) 252-1314,unknown,,,,,address_confirmed,https://www.copart.com/locations/magna-ut-336,investor-documents/copart_locations_us_by_state.snapshot.md,
338,338,US,US,NC,COPART LUMBERTON,LUMBERTON,4019 NC 72 HWY W,28360,(910) 671-5913,(910) 671-5916,unknown,,,,,address_confirmed,https://www.copart.com/locations/lumberton-nc-338,investor-documents/copart_locations_us_by_state.snapshot.md,
339,339,US,US,WI,COPART MILWAUKEE NORTH,MILWAUKEE,9201 N 107TH ST,54914,(414) 219-0986,(414) 357-8155,unknown,,,,,address_confirmed,https://www.copart.com/locations/milwaukee-wi-339,investor-documents/copart_locations_us_by_state.snapshot.md,
340,340,US,US,NC,COPART GASTONIA,GASTONIA,1900 OLD CREWS RD,27545,(984) 246-2400,,unknown,,,,,address_confirmed,https://www.copart.com/locations/gastonia-nc-340,investor-documents/copart_locations_us_by_state.snapshot.md,
341,341,US,US,AL,COPART DOTHAN,NEWTON,10428 WEST US 84,36352,(334) 229-9968,(334) 692-3311,unknown,,,,,address_confirmed,https://www.copart.com/locations/newton-al-341,investor-documents/copart_locations_us_by_state.snapshot.md,
342,342,US,US,MD,COPART BALTIMORE EAST,BALTIMORE,601 W PATAPSCO AVE,21225,(443) 589-5566,(410) 350-0191,unknown,,,,,address_confirmed,https://www.copart.com/locations/baltimore-md-342,investor-documents/copart_locations_us_by_state.snapshot.md,
343,343,US,US,CA,COPART REDDING,REDDING,4603 LOCUST ROAD,96007,(530) 365-1253,(530) 365-1257,unknown,,,,,address_confirmed,https://www.copart.com/locations/redding-ca-343,investor-documents/copart_locations_us_by_state.snapshot.md,
344,344,US,US,NY,COPART BUFFALO,ANGOLA,8418 SOUTHWESTERN BLVD.,14006,(716) 800-3145,(716) 549-0363,unknown,,,,,address_confirmed,https://www.copart.com/locations/angola-ny-344,investor-documents/copart_locations_us_by_state.snapshot.md,
345,345,US,US,KY,COPART EARLINGTON,EARLINGTON,700 N SANDCUT RD,42410,(859) 687-8699,,unknown,,,,,address_confirmed,https://www.copart.com/locations/earlington-ky-345,investor-documents/copart_locations_us_by_state.snapshot.md,
350,350,US,US,CT,COPART HARTFORD SPRINGFIELD,EAST GRANBY,49 RUSSELL ROAD,06026,(860) 392-7700,(860) 292-1892,unknown,,,,,address_confirmed,https://www.copart.com/locations/east-granby-ct-350,investor-documents/copart_locations_us_by_state.snapshot.md,
356,356,US,US,NC,COPART CONCORD,CONCORD,7940 U.S. HIGHWAY 601 S.,28025,(704) 209-9699,(999) 999-9999,unknown,,,,,address_confirmed,https://www.copart.com/locations/concord-nc-356,investor-documents/copart_locations_us_by_state.snapshot.md,
357,357,US,US,TX,COPART HOUSTON EAST,HOUSTON,15706 BEAUMONT HWY,77049,(281) 407-2658,(555) 444-3333,unknown,,,,,address_confirmed,https://www.copart.com/locations/houston-tx-357,investor-documents/copart_locations_us_by_state.snapshot.md,
360,360,US,US,IN,COPART FORT WAYNE,FORT WAYNE,3600 E. WASHINGTON BLVD.,46803,(260) 333-1153,(260) 420-9144,unknown,,,,,address_confirmed,https://www.copart.com/locations/fort-wayne-in-360,investor-documents/copart_locations_us_by_state.snapshot.md,
363,363,US,US,ND,COPART BISMARCK,BISMARCK,3700 APPLE CREEK RD,58501,(701) 712-6390,,unknown,,,,,address_confirmed,https://www.copart.com/locations/bismarck-nd-363,investor-documents/copart_locations_us_by_state.snapshot.md,
368,368,US,US,NC,COPART RALEIGH NORTH,KINGHTDALE,1900 OLD CREWS RD,27545,(984) 246-2400,,unknown,,,,,address_confirmed,https://www.copart.com/locations/kinghtdale-nc-368,investor-documents/copart_locations_us_by_state.snapshot.md,
370,370,US,US,IN,COPART DYER,DYER,641 JOLIET ST,46311,(219) 209-6992,,unknown,,,,,address_confirmed,https://www.copart.com/locations/dyer-in-370,investor-documents/copart_locations_us_by_state.snapshot.md,
ae-dubai,,AE,International,,COPART UAE,Dubai,,,,,leased,,,,,address_pending,https://www.copartmea.com/locations/,research/international_yard_seed.json,
bh-manama,,BH,International,,COPART BAHRAIN,address_pending,,,,,leased,,,,,address_pending,https://www.copartmea.com/locations/,research/international_yard_seed.json,
br-pending-01,,BR,International,,COPART BRAZIL 1,Betim,,,,,unknown,,,,,address_pending,https://www.copart.com.br/,research/international_yard_seed.json,10-K: 23 operating facilities; expand from copart.com.br
de-aachen,,DE,International,,COPART AACHEN,Aachen,,,,,unknown,,,,,address_pending,https://www.copart.de/locations/,research/international_yard_seed.json,
de-berlin,,DE,International,,COPART BERLIN,Berlin,,,,,unknown,,,,,address_pending,https://www.copart.de/locations/,research/international_yard_seed.json,
de-dortmund,,DE,International,,COPART DORTMUND,Dortmund,,,,,unknown,,,,,address_pending,https://www.copart.de/locations/,research/international_yard_seed.json,
de-frankfurt,,DE,International,,COPART FRANKFURT,Frankfurt,,,,,unknown,,,,,address_pending,https://www.copart.de/locations/,research/international_yard_seed.json,
de-hannover,,DE,International,,COPART HANNOVER,Hannover,,,,,unknown,,,,,address_pending,https://www.copart.de/locations/,research/international_yard_seed.json,
de-leipzig,,DE,International,,COPART LEIPZIG,Leipzig,,,,,unknown,,,,,address_pending,https://www.copart.de/locations/,research/international_yard_seed.json,
de-mannheim,,DE,International,,COPART MANNHEIM,Mannheim,,,,,unknown,,,,,address_pending,https://www.copart.de/locations/,research/international_yard_seed.json,
de-muenchen,,DE,International,,COPART MUENCHEN-OST,Munich,,,,,unknown,,,,,address_pending,https://www.copart.de/locations/,research/international_yard_seed.json,
de-stuttgart,,DE,International,,COPART STUTTGART,Stuttgart,,,,,unknown,,,,,address_pending,https://www.copart.de/locations/,research/international_yard_seed.json,
es-pending-01,,ES,International,,COPART SPAIN OWNED 1,address_pending,,,,,owned,,,,,address_pending,https://www.copart.es/locations/,research/international_yard_seed.json,"10-K: own 8, lease 3; replace with facility list from copart.es"
fi-pending-01,,FI,International,,COPART FINLAND 1,address_pending,,,,,unknown,,,,,address_pending,https://www.copart.fi/locations/,research/international_yard_seed.json,10-K: four operating facilities
gb-401,,GB,UK,,COPART SANDY,Sandy,London Road Industrial Estate Georgetown Rd,SG19 2UB,,,unknown,,,,,address_confirmed,https://www.copart.co.uk/locations/sandy-gb-401,research/international_yard_seed.json,
gb-402,,GB,UK,,COPART SANDTOFT,Belton,Copart Sandtoft Belton Road,DN8 5SX,,,unknown,,,,,address_confirmed,https://www.copart.co.uk/locations/sandtoft-gb-402,research/international_yard_seed.json,
gb-410,,GB,UK,,COPART YORK,York,,,,,unknown,,,,,address_pending,https://www.copart.co.uk/locations/york-gb-410,research/international_yard_seed.json,
gb-416,,GB,UK,,COPART COLCHESTER,Colchester,Gun Hill Ipswich Rd Dedham,CO7 6HP,,,unknown,,,,,address_confirmed,https://www.copart.co.uk/locations/colchester-gb-416,research/international_yard_seed.json,
gb-425,,GB,UK,,COPART CORBY,Corby,Unit 4 Herschel Road,NN17 5JQ,,,unknown,,,,,address_confirmed,https://www.copart.co.uk/locations/corby-gb-425,research/international_yard_seed.json,
gb-belfast,,GB,UK,,COPART BELFAST,Belfast,,,,,unknown,,,,,address_pending,https://www.copart.co.uk/locations/belfast-gb-400,research/international_yard_seed.json,
gb-bristol,,GB,UK,,COPART BRISTOL,Bristol,,,,,unknown,,,,,address_pending,https://www.copart.co.uk/locations/,research/international_yard_seed.json,
gb-chester,,GB,UK,,COPART CHESTER,Chester,,,,,unknown,,,,,address_pending,https://www.copart.co.uk/locations/,research/international_yard_seed.json,
gb-east-kilbride,,GB,UK,,COPART EAST KILBRIDE,East Kilbride,,,,,unknown,,,,,address_pending,https://www.copart.co.uk/locations/,research/international_yard_seed.json,
gb-gloucester,,GB,UK,,COPART GLOUCESTER,Gloucester,,,,,unknown,,,,,address_pending,https://www.copart.co.uk/locations/,research/international_yard_seed.json,
gb-newbury,,GB,UK,,COPART NEWBURY,Newbury,,,,,unknown,,,,,address_pending,https://www.copart.co.uk/locations/,research/international_yard_seed.json,
gb-peterlee,,GB,UK,,COPART PETERLEE,Peterlee,,,,,unknown,,,,,address_pending,https://www.copart.co.uk/locations/,research/international_yard_seed.json,
gb-rochford,,GB,UK,,COPART ROCHFORD,Rochford,,,,,unknown,,,,,address_pending,https://www.copart.co.uk/locations/,research/international_yard_seed.json,
gb-sandwich,,GB,UK,,COPART SANDWICH,Sandwich,,,,,unknown,,,,,address_pending,https://www.copart.co.uk/locations/,research/international_yard_seed.json,
gb-st-helens,,GB,UK,,COPART ST HELENS,St Helens,,,,,unknown,,,,,address_pending,https://www.copart.co.uk/locations/,research/international_yard_seed.json,
gb-westbury,,GB,UK,,COPART WESTBURY,Westbury,,,,,unknown,,,,,address_pending,https://www.copart.co.uk/locations/,research/international_yard_seed.json,
gb-whitburn,,GB,UK,,COPART WHITBURN,Whitburn,,,,,unknown,,,,,address_pending,https://www.copart.co.uk/locations/,research/international_yard_seed.json,
gb-wisbech,,GB,UK,,COPART WISBECH,Wisbech,,,,,unknown,,,,,address_pending,https://www.copart.co.uk/locations/,research/international_yard_seed.json,
gb-wolverhampton,,GB,UK,,COPART WOLVERHAMPTON,Wolverhampton,,,,,unknown,,,,,address_pending,https://www.copart.co.uk/locations/wolverhampton-gb-409,research/international_yard_seed.json,
ie-castledermot,,IE,International,,COPART CASTLEDERMOT,Castledermot,,,,,unknown,,,,,address_pending,https://www.copart.ie/locations/,research/international_yard_seed.json,
om-muscat,,OM,International,,COPART OMAN,address_pending,,,,,leased,,,,,address_pending,https://www.copartmea.com/locations/,research/international_yard_seed.json,
us-purple-wave,,US,International,KS,PURPLE WAVE,Manhattan,,,,,leased,,,,,address_pending,10-K FY2025 Item 2,research/international_yard_seed.json,Purple Wave leases one location in Manhattan Kansas
