fund_id,fund,manager,quarter,letter_date,source_file
1-main-q1-26-letter,1 Main Q1'26+Letter,,2026Q1,2026-06-09,_system/reference/superinvestor-letters/2026Q1/1 Main Q1'26+letter.txt
100-squats-pdf,100 Squats Pdf,,2026Q1,2026-06-09,_system/reference/superinvestor-letters/2026Q1/100 SQUATS PDF.txt
2026-01-sandglass-opportunity-fund-letter-and-factsheet,2026 01 Sandglass Opportunity Fund   Letter And Factsheet,,2026Q1,2026-06-09,_system/reference/superinvestor-letters/2026Q1/2026_01 Sandglass Opportunity Fund - Letter and Factsheet.txt
4stone-2603-master-fund-commentary-tear-sheet,4Stone 2603 Master Fund Commentary Tear Sheet,,2026Q1,2026-06-09,_system/reference/superinvestor-letters/2026Q1/4stone 2603 Master Fund Commentary_tear sheet.txt
683capital-letter-2026q1,683Capital Letter 2026Q1,,2026Q1,2026-06-09,_system/reference/superinvestor-letters/2026Q1/683Capital_Letter_2026Q1.txt
ack-letter-2026-q1,Ack Letter 2026 Q1,ACK,2026Q1,2026-06-09,_system/reference/superinvestor-letters/2026Q1/ACK Letter 2026 Q1.txt
across-the-universe-a-special-situations-digest-3-31-26,Across The Universe A Special Situations Digest 3.31.26,Across,2026Q1,2026-06-09,_system/reference/superinvestor-letters/2026Q1/Across the Universe A Special Situations Digest 3.31.26.txt
admiral-ai-disruption-in-april-2026,Admiral Ai Disruption In April 2026,Admiral,2026Q1,2026-06-09,_system/reference/superinvestor-letters/2026Q1/Admiral_AI_Disruption_in_April_2026.txt
admiral-cap-1q26-letter,Admiral Cap 1Q26 Letter,Admiral,2026Q1,2026-06-09,_system/reference/superinvestor-letters/2026Q1/Admiral_Cap_1Q26_Letter.txt
admiral-cap-feb-2026-update-01,Admiral Cap Feb 2026 Update.01,Admiral,2026Q1,2026-06-09,_system/reference/superinvestor-letters/2026Q1/Admiral_Cap_Feb_2026_Update.01.txt
akoletter,Akoletter,,2026Q1,2026-06-09,_system/reference/superinvestor-letters/2026Q1/akoletter.txt
analog-century-investor-letter-q1-2026,Analog Century Investor Letter Q1 2026,Analog,2026Q1,2026-06-09,_system/reference/superinvestor-letters/2026Q1/Analog Century Investor Letter Q1 2026.txt
ancora-bellator-letter-q1-2026,Ancora Bellator Letter Q1 2026,Ancora,2026Q1,2026-06-09,_system/reference/superinvestor-letters/2026Q1/Ancora Bellator Letter Q1 2026.txt
ancora-catalyst-letter-q1-2026,Ancora Catalyst Letter Q1 2026,Ancora,2026Q1,2026-06-09,_system/reference/superinvestor-letters/2026Q1/Ancora Catalyst Letter Q1 2026.txt
ancora-merlin-letter-q1-2026,Ancora Merlin Letter Q1 2026,Ancora,2026Q1,2026-06-09,_system/reference/superinvestor-letters/2026Q1/Ancora Merlin Letter Q1 2026.txt
ararat-1q2026-letter,Ararat 1Q2026 Letter,Ararat,2026Q1,2026-06-09,_system/reference/superinvestor-letters/2026Q1/Ararat 1Q2026 Letter.txt
arquitos-investor-letter-q1-2026,Arquitos+Investor+Letter+Q1+2026,,2026Q1,2026-06-09,_system/reference/superinvestor-letters/2026Q1/Arquitos+Investor+Letter+Q1+2026.txt
arquitos-investor-letter-q1-2026,Arquitos Investor Letter Q1 2026,Arquitos,2026Q1,2026-06-09,_system/reference/superinvestor-letters/2026Q1/Arquitos_Investor_Letter_Q1_2026.txt
arr-factsheet-march-2026,Arr Factsheet March 2026,ARR,2026Q1,2026-06-09,_system/reference/superinvestor-letters/2026Q1/ARR_Factsheet_March_2026.txt
article-theneglectedvaluedriver-ltr,Article Theneglectedvaluedriver Ltr,,2026Q1,2026-06-09,_system/reference/superinvestor-letters/2026Q1/article_theneglectedvaluedriver_ltr.txt
atika-investor-letter-1q-2026,Atika Investor Letter 1Q 2026,Atika,2026Q1,2026-06-09,_system/reference/superinvestor-letters/2026Q1/Atika investor letter 1Q-2026.txt
atla-gulf-investor-letter-march-2026,Atla Gulf Investor Letter March 2026,Atla,2026Q1,2026-06-09,_system/reference/superinvestor-letters/2026Q1/Atla GULF Investor Letter_March 2026.txt
azarias-focused-small-cap-value-strategy-first-quarter-2026-p,Azarias Focused Small Cap Value Strategy   First Quarter 2026 (P),Azarias,2026Q1,2026-06-09,_system/reference/superinvestor-letters/2026Q1/Azarias Focused Small Cap Value Strategy - First Quarter 2026 (P).txt
baron-letter-from-ron-3-31-2026,Baron Letter From Ron 3.31.2026,Baron,2026Q1,2026-06-09,_system/reference/superinvestor-letters/2026Q1/Baron letter-from-ron-3.31.2026.txt
bbcm1q26investorletter,Bbcm1Q26Investorletter,,2026Q1,2026-06-09,_system/reference/superinvestor-letters/2026Q1/BBCM1Q26InvestorLetter.txt
benedict-value-fund-q1-2026-investor-letter,Benedict Value Fund Q1 2026 Investor Letter,Benedict,2026Q1,2026-06-09,_system/reference/superinvestor-letters/2026Q1/Benedict Value Fund-Q1 2026 Investor Letter.txt
benedict-value-fund-q1-2026-letter-final,Benedict Value Fund Q1 2026 Letter Final,Benedict,2026Q1,2026-06-09,_system/reference/superinvestor-letters/2026Q1/Benedict Value Fund-Q1 2026 Letter-FINAL.txt
blackbear-q1-2026-final,Blackbear Q1 2026 Final,BlackBear,2026Q1,2026-06-09,_system/reference/superinvestor-letters/2026Q1/BlackBear_Q1_2026_Final.txt
blue-creek-china-fund-april-2026-newsletter,Blue Creek China Fund April 2026 Newsletter,Blue,2026Q1,2026-06-09,_system/reference/superinvestor-letters/2026Q1/Blue Creek China Fund April 2026 Newsletter.txt
blue-creek-china-fund-jan-2026-newsletter,Blue Creek China Fund Jan 2026 Newsletter,Blue,2026Q1,2026-06-09,_system/reference/superinvestor-letters/2026Q1/Blue Creek China Fund Jan 2026 Newsletter.txt
blue-tower-2026-q1,Blue Tower 2026+Q1,Blue,2026Q1,2026-06-09,_system/reference/superinvestor-letters/2026Q1/Blue Tower 2026+Q1.txt
bluegrotto-q1-26-letter,Bluegrotto Q1'26 Letter,BlueGrotto,2026Q1,2026-06-09,_system/reference/superinvestor-letters/2026Q1/BlueGrotto_Q1'26_letter.txt
bonhoeffer-partner-letter-q4-2025,Bonhoeffer Partner Letter Q4 2025,Bonhoeffer,2026Q1,2026-06-09,_system/reference/superinvestor-letters/2026Q1/Bonhoeffer_Partner_Letter_Q4_2025.txt
bowie-capital-partners-q1-2026,Bowie Capital Partners Q1 2026,Bowie,2026Q1,2026-06-09,_system/reference/superinvestor-letters/2026Q1/Bowie Capital Partners_Q1 2026.txt
breach-inlet-10year,Breach Inlet   10Year,Breach,2026Q1,2026-06-09,_system/reference/superinvestor-letters/2026Q1/Breach Inlet - 10Year.txt
breach-inlet-1q26-letter,Breach Inlet   1Q26 Letter,Breach,2026Q1,2026-06-09,_system/reference/superinvestor-letters/2026Q1/Breach Inlet - 1Q26 Letter.txt
bucket-4-decision-memo-and-technical-report,Bucket 4 Decision Memo And Technical Report,Bucket,2026Q1,2026-06-09,_system/reference/superinvestor-letters/2026Q1/Bucket_4_Decision_Memo_and_Technical_Report.txt
buckley-capital-q1-2026-letter-01,Buckley Capital Q1 2026 Letter.01,Buckley,2026Q1,2026-06-09,_system/reference/superinvestor-letters/2026Q1/Buckley_Capital_Q1_2026_Letter.01.txt
butler-hall-2026-q1-investment-letter-final,Butler Hall 2026 Q1 Investment Letter Final,Butler,2026Q1,2026-06-09,_system/reference/superinvestor-letters/2026Q1/Butler Hall 2026 Q1 Investment Letter_Final.txt
bwcp-lp-series-b-letter-q1-2026,"Bwcp, Lp Series B Letter   Q1 2026","BWCP,",2026Q1,2026-06-09,"_system/reference/superinvestor-letters/2026Q1/BWCP, LP Series B Letter - Q1 2026.txt"
caius-capital-master-fund-investor-letter-march-2026-prospect,Caius Capital Master Fund Investor Letter March 2026 (Prospect),Caius,2026Q1,2026-06-09,_system/reference/superinvestor-letters/2026Q1/Caius Capital Master Fund_Investor Letter_March 2026 (Prospect).txt
carnatic-partners-lp-quarterly-letter-2026-q1,Carnatic Partners Lp Quarterly Letter 2026 Q1 ,Carnatic,2026Q1,2026-06-09,_system/reference/superinvestor-letters/2026Q1/Carnatic_Partners_LP_Quarterly_Letter 2026_Q1_.txt
castleknight-1q26-letter,Castleknight   1Q26 Letter,CastleKnight,2026Q1,2026-06-09,_system/reference/superinvestor-letters/2026Q1/CastleKnight - 1Q26 Letter.txt
cat-rock-capital-ai-and-markets-presentation,Cat Rock Capital Ai And Markets Presentation,Cat,2026Q1,2026-06-09,_system/reference/superinvestor-letters/2026Q1/Cat Rock Capital AI and Markets Presentation.txt
cedar-creek-q1-2026-results-for-cedar-creek-partners,Cedar Creek Q1+2026+Results+For+Cedar+Creek+Partners,Cedar,2026Q1,2026-06-09,_system/reference/superinvestor-letters/2026Q1/Cedar Creek Q1+2026+Results+for+Cedar+Creek+Partners.txt
competitive-advantage-period,Competitive Advantage Period,Competitive,2026Q1,2026-06-09,_system/reference/superinvestor-letters/2026Q1/Competitive Advantage Period.txt
counterwave-1q26-letter,Counterwave 1Q26 Letter,Counterwave,2026Q1,2026-06-09,_system/reference/superinvestor-letters/2026Q1/Counterwave 1Q26 Letter.txt
crestbreak-capital-pre-launch-letter,Crestbreak Capital Pre Launch Letter,Crestbreak,2026Q1,2026-06-09,_system/reference/superinvestor-letters/2026Q1/Crestbreak Capital Pre-Launch Letter.txt
cs-at1-co-invest-1,Cs+At1+ +Co Invest (1),CS+AT1+,2026Q1,2026-06-09,_system/reference/superinvestor-letters/2026Q1/CS+AT1+-+Co-Invest (1).txt
cs-at1-co-invest,Cs+At1+ +Co Invest,CS+AT1+,2026Q1,2026-06-09,_system/reference/superinvestor-letters/2026Q1/CS+AT1+-+Co-Invest.txt
curreen-q1-2026-letter,Curreen Q1+2026+Letter,Curreen,2026Q1,2026-06-09,_system/reference/superinvestor-letters/2026Q1/Curreen Q1+2026+Letter.txt
d1-investor-letter-2026-04-03,D1 Investor Letter 2026 04 03 ,D1,2026Q1,2026-06-09,_system/reference/superinvestor-letters/2026Q1/D1 Investor Letter 2026 04 03_.txt
dan-benton-s-2026-rules-for-technology-investing,Dan Benton'S 2026 Rules For Technology Investing,Dan,2026Q1,2026-06-09,_system/reference/superinvestor-letters/2026Q1/Dan_Benton's_2026_Rules_For_Technology_Investing.txt
daventry-group-q1-2026-investor-letter,Daventry Group Q1 2026 Investor Letter,Daventry,2026Q1,2026-06-09,_system/reference/superinvestor-letters/2026Q1/Daventry Group Q1 2026 Investor Letter.txt
desert-lion-investor-report-april-2026-2026-04,Desert Lion Investor Report April 2026 2026 04 ,Desert,2026Q1,2026-06-09,_system/reference/superinvestor-letters/2026Q1/Desert_Lion_Investor_Report_April_2026 2026_04_.txt
desert-lion-investor-report-march-2026-2026-03,Desert Lion Investor Report March 2026 2026 03 ,Desert,2026Q1,2026-06-09,_system/reference/superinvestor-letters/2026Q1/Desert_Lion_Investor_Report_March_2026 2026_03_.txt
distressed-chinese-real-estate-investment-opportunity-october,Distressed+Chinese+Real+Estate+ +Investment+Opportunity+October,Distressed+Chinese+Real+Estate+,2026Q1,2026-06-09,_system/reference/superinvestor-letters/2026Q1/Distressed+Chinese+Real+Estate+-+Investment+Opportunity+October.txt
e72dt-quarterly-report-march-2026,E72Dt Quarterly Report March 2026,E72DT,2026Q1,2026-06-09,_system/reference/superinvestor-letters/2026Q1/E72DT-Quarterly-Report-March-2026.txt
eagle-q1-2026-investor-letter,Eagle Q1 2026 Investor Letter,Eagle,2026Q1,2026-06-09,_system/reference/superinvestor-letters/2026Q1/Eagle Q1 2026 Investor Letter.txt
elliott-letter-2026-03-31,Elliott Letter 2026 03 31,Elliott,2026Q1,2026-06-09,_system/reference/superinvestor-letters/2026Q1/Elliott letter 2026-03-31.txt
endeavour-erbof-ii-investor-letter-q12026,Endeavour   Erbof Ii Investor Letter Q12026,Endeavour,2026Q1,2026-06-09,_system/reference/superinvestor-letters/2026Q1/Endeavour - ERBOF II Investor Letter Q12026.txt
engle-capital-q1-2026-quarterly-letter,Engle Capital   Q1 2026 Quarterly Letter,Engle,2026Q1,2026-06-09,_system/reference/superinvestor-letters/2026Q1/Engle Capital - Q1 2026 Quarterly Letter.txt
farlight-q1-2026,Farlight Q1 2026,,2026Q1,2026-06-09,_system/reference/superinvestor-letters/2026Q1/farlight Q1 2026.txt
findell-q1-2026-findell-capital-letter,Findell Q1 2026 Findell Capital Letter,Findell,2026Q1,2026-06-09,_system/reference/superinvestor-letters/2026Q1/Findell Q1_2026_Findell_Capital_Letter.txt
fontaine-2026-q1-investorletter,Fontaine 2026 Q1 Investorletter,Fontaine,2026Q1,2026-06-09,_system/reference/superinvestor-letters/2026Q1/Fontaine_2026_Q1_InvestorLetter.txt
fourth-sail-funds-investor-newsletter-2026-q1,Fourth Sail Funds Investor Newsletter 2026 Q1,Fourth,2026Q1,2026-06-09,_system/reference/superinvestor-letters/2026Q1/Fourth Sail Funds Investor Newsletter 2026_Q1.txt
fourthstone-2602-master-fund-commentary-tear-sheet,Fourthstone 2602 Master Fund Commentary Tear Sheet,Fourthstone,2026Q1,2026-06-09,_system/reference/superinvestor-letters/2026Q1/Fourthstone 2602 Master Fund Commentary_tear sheet.txt
gallo-partners-2026-investor-letter,Gallo Partners   2026 Investor Letter,Gallo,2026Q1,2026-06-09,_system/reference/superinvestor-letters/2026Q1/Gallo Partners - 2026 Investor Letter.txt
gallo-partners-research-iran-investor-playbook-non-investor-version,Gallo Partners Research   Iran Investor Playbook   Non Investor Version,Gallo,2026Q1,2026-06-09,_system/reference/superinvestor-letters/2026Q1/Gallo Partners Research - Iran Investor Playbook - Non-Investor Version.txt
gallo-partners-research-regulatory-investing-in-2026-and-beyond,Gallo Partners Research   Regulatory Investing In 2026 And Beyond,Gallo,2026Q1,2026-06-09,_system/reference/superinvestor-letters/2026Q1/Gallo Partners Research - Regulatory Investing in 2026 and Beyond.txt
gator-1q-20260428-gfp-letter-combined,Gator 1Q 20260428 Gfp Letter Combined,Gator,2026Q1,2026-06-09,_system/reference/superinvestor-letters/2026Q1/Gator 1Q-20260428 GFP Letter-combined.txt
gator-20260428-gfp-q1-letter-combined,Gator 20260428 Gfp Q1 Letter Combined,Gator,2026Q1,2026-06-09,_system/reference/superinvestor-letters/2026Q1/Gator 20260428 GFP Q1 Letter-combined.txt
gotham-q1-2026-letter-t222-2603,Gotham Q1 2026 Letter T222.2603,Gotham,2026Q1,2026-06-09,_system/reference/superinvestor-letters/2026Q1/Gotham Q1_2026_Letter_T222.2603.txt
grand-slam-feb-2026-results-letter,Grand Slam   Feb 2026   Results Letter,Grand,2026Q1,2026-06-09,_system/reference/superinvestor-letters/2026Q1/Grand Slam - Feb 2026 - Results Letter.txt
grand-slam-march-2026-results-letter,Grand Slam   March 2026   Results Letter,Grand,2026Q1,2026-06-09,_system/reference/superinvestor-letters/2026Q1/Grand Slam - March 2026 - Results Letter.txt
greenlight-capital-2026q1,Greenlight Capital 2026Q1  ,Greenlight,2026Q1,2026-06-09,_system/reference/superinvestor-letters/2026Q1/Greenlight Capital 2026Q1 -.txt
greenlight-capital-q1-2026-letter-nasdaq-glre-seeking-alpha,Greenlight Capital Q1 2026 Letter (Nasdaq   Glre)   Seeking Alpha,Greenlight,2026Q1,2026-06-09,_system/reference/superinvestor-letters/2026Q1/Greenlight Capital Q1 2026 Letter (NASDAQ _ GLRE) _ Seeking Alpha.txt
greystone-q1-2026,Greystone Q1 2026,Greystone,2026Q1,2026-06-09,_system/reference/superinvestor-letters/2026Q1/Greystone Q1 2026.txt
grizzlyrock-q1-2026-investor-letter,Grizzlyrock Q1 2026 Investor Letter,GrizzlyRock,2026Q1,2026-06-09,_system/reference/superinvestor-letters/2026Q1/GrizzlyRock_Q1_2026_Investor_Letter.txt
gumshoe-capital-hypoport-write-up-2026-02-02,Gumshoe Capital Hypoport Write Up 2026.02.02,Gumshoe,2026Q1,2026-06-09,_system/reference/superinvestor-letters/2026Q1/Gumshoe Capital Hypoport Write-up 2026.02.02.txt
gumshoe,Gumshoe,,2026Q1,2026-06-09,_system/reference/superinvestor-letters/2026Q1/Gumshoe.txt
hawk-ridge,Hawk Ridge,Hawk,2026Q1,2026-06-09,_system/reference/superinvestor-letters/2026Q1/Hawk Ridge.txt
hedge-fund-alert-03-04-26,Hedge Fund Alert 03.04.26,Hedge,2026Q1,2026-06-09,_system/reference/superinvestor-letters/2026Q1/Hedge Fund Alert 03.04.26.txt
heights-point-1q26-partner-letter,Heights Point 1Q26 Partner Letter,Heights,2026Q1,2026-06-09,_system/reference/superinvestor-letters/2026Q1/Heights Point 1Q26 Partner Letter.txt
hel-ved-master-fund-newsletter-feb-2026,Hel Ved Master Fund Newsletter Feb 2026,Hel,2026Q1,2026-06-09,_system/reference/superinvestor-letters/2026Q1/Hel Ved Master Fund Newsletter Feb_2026.txt
hel-ved-master-fund-newsletter-jan-2026,Hel Ved Master Fund Newsletter Jan 2026,Hel,2026Q1,2026-06-09,_system/reference/superinvestor-letters/2026Q1/Hel Ved Master Fund Newsletter Jan_2026.txt
hfa-011426,Hfa 011426,HFA,2026Q1,2026-06-09,_system/reference/superinvestor-letters/2026Q1/HFA-011426.txt
hfa-012826,Hfa 012826,HFA,2026Q1,2026-06-09,_system/reference/superinvestor-letters/2026Q1/HFA-012826.txt
hfa-021126,Hfa 021126,HFA,2026Q1,2026-06-09,_system/reference/superinvestor-letters/2026Q1/HFA-021126.txt
hfa-021826,Hfa 021826,HFA,2026Q1,2026-06-09,_system/reference/superinvestor-letters/2026Q1/HFA-021826.txt
hfa-022526,Hfa 022526,HFA,2026Q1,2026-06-09,_system/reference/superinvestor-letters/2026Q1/HFA-022526.txt
hfa-031826,Hfa 031826,HFA,2026Q1,2026-06-09,_system/reference/superinvestor-letters/2026Q1/HFA-031826.txt
hfa-032526,Hfa 032526,HFA,2026Q1,2026-06-09,_system/reference/superinvestor-letters/2026Q1/HFA-032526.txt
highwest-partner-letter-february-2026,Highwest Partner Letter   February 2026,Highwest,2026Q1,2026-06-09,_system/reference/superinvestor-letters/2026Q1/Highwest Partner Letter - February 2026.txt
highwest-partner-letter-march-2026,Highwest Partner Letter   March 2026,Highwest,2026Q1,2026-06-09,_system/reference/superinvestor-letters/2026Q1/Highwest Partner Letter - March 2026.txt
horizon-kinetics-q1-2026-commentary-final,Horizon Kinetics Q1 2026 Commentary Final,Horizon,2026Q1,2026-06-09,_system/reference/superinvestor-letters/2026Q1/Horizon-Kinetics-Q1-2026-Commentary-Final.txt
how-to-improve-your-looks,How To Improve Your Looks,How,2026Q1,2026-06-09,_system/reference/superinvestor-letters/2026Q1/How To Improve Your Looks.txt
iguana-ucits-newsletter-january-2026,Iguana Ucits Newsletter   January 2026,Iguana,2026Q1,2026-06-09,_system/reference/superinvestor-letters/2026Q1/Iguana UCITS Newsletter - January 2026.txt
ikarian-capital-investor-letter-final-executed-01-2026-5-14-q1,Ikarian Capital Investor Letter Final Executed.01 2026 5 14 Q1 ,Ikarian,2026Q1,2026-06-09,_system/reference/superinvestor-letters/2026Q1/Ikarian_Capital_Investor_Letter_Final_Executed.01 2026_5_14_Q1_.txt
incline-global-q1-2026-commentary,Incline Global Q1 2026 Commentary,Incline,2026Q1,2026-06-09,_system/reference/superinvestor-letters/2026Q1/Incline Global Q1 2026 Commentary.txt
invenomic-fund-lp-commentary-february-2026,Invenomic Fund Lp Commentary   February 2026,Invenomic,2026Q1,2026-06-09,_system/reference/superinvestor-letters/2026Q1/Invenomic Fund LP Commentary - February 2026.txt
invenomic-fund-lp-commentary-january-2026,Invenomic Fund Lp Commentary   January 2026,Invenomic,2026Q1,2026-06-09,_system/reference/superinvestor-letters/2026Q1/Invenomic Fund LP Commentary - January 2026.txt
invenomic-fund-lp-commentary-march-2026,Invenomic Fund Lp Commentary   March 2026,Invenomic,2026Q1,2026-06-09,_system/reference/superinvestor-letters/2026Q1/Invenomic Fund LP Commentary - March 2026.txt
jdp-1q-2026-investor-letter-final-1,Jdp 1Q 2026 Investor Letter Final 1,JDP,2026Q1,2026-06-09,_system/reference/superinvestor-letters/2026Q1/JDP 1Q-2026-Investor-Letter_final-1.txt
jetha-global-quarterly-update-2026q1,Jetha Global Quarterly Update 2026Q1 ,Jetha,2026Q1,2026-06-09,_system/reference/superinvestor-letters/2026Q1/Jetha Global Quarterly Update 2026Q1_.txt
kedm-2026-01-04,Kedm 2026.01.04,KEDM,2026Q1,2026-06-09,_system/reference/superinvestor-letters/2026Q1/KEDM-2026.01.04.txt
kedm-2026-01-25-vol-259-trading-ipos,Kedm 2026.01.25 Vol.259 Trading Ipos,KEDM,2026Q1,2026-06-09,_system/reference/superinvestor-letters/2026Q1/KEDM-2026.01.25-Vol.259-Trading-IPOs.txt
kedm-2026-02-01-vol-260-existing-home-sales,Kedm 2026.02.01 Vol.260 Existing Home Sales,KEDM,2026Q1,2026-06-09,_system/reference/superinvestor-letters/2026Q1/KEDM-2026.02.01-Vol.260-Existing-Home-Sales.txt
kedm-2026-02-15-vol-262-reflections-on-the-energy-trade,Kedm 2026.02.15 Vol.262 Reflections On The Energy Trade,KEDM,2026Q1,2026-06-09,_system/reference/superinvestor-letters/2026Q1/KEDM-2026.02.15-Vol.262-Reflections-on-the-Energy-Trade.txt
kedm-2026-02-22-vol-263-the-return-of-the-fallen-angels,Kedm 2026.02.22 Vol.263 The Return Of The Fallen Angels,KEDM,2026Q1,2026-06-09,_system/reference/superinvestor-letters/2026Q1/KEDM-2026.02.22-Vol.263-The-Return-of-the-Fallen-Angels.txt
kedm-2026-03-15-vol-266-trading-the-chaos,Kedm 2026.03.15 Vol.266 Trading The Chaos,KEDM,2026Q1,2026-06-09,_system/reference/superinvestor-letters/2026Q1/KEDM-2026.03.15-Vol.266-Trading-the-Chaos.txt
kedm-2026-03-22-vol-267-shorting-through-the-cycle,Kedm 2026.03.22 Vol.267 Shorting Through The Cycle,KEDM,2026Q1,2026-06-09,_system/reference/superinvestor-letters/2026Q1/KEDM-2026.03.22-Vol.267-Shorting-Through-the-Cycle.txt
kyma-capital-quarterly-investor-letter-q1-2026,Kyma Capital   Quarterly Investor Letter   Q1 2026,Kyma,2026Q1,2026-06-09,_system/reference/superinvestor-letters/2026Q1/Kyma Capital - Quarterly Investor Letter - Q1 2026.txt
lakewood-capital-2026-q1-letter,Lakewood Capital 2026 Q1 Letter,Lakewood,2026Q1,2026-06-09,_system/reference/superinvestor-letters/2026Q1/Lakewood Capital_2026 Q1 Letter.txt
landb-02-2026-investor-letter-cgf-t,Landb 02 2026 Investor Letter Cgf T,LandB,2026Q1,2026-06-09,_system/reference/superinvestor-letters/2026Q1/LandB-02-2026-Investor-Letter-CGF-T.txt
landb-q1-2026-investor-letter-lnbcg-t,Landb Q1 2026 Investor Letter Lnbcg T,LandB,2026Q1,2026-06-09,_system/reference/superinvestor-letters/2026Q1/LandB-Q1-2026-Investor-Letter-LNBCG-T.txt
logos-investor-letter-q1-2026,Logos Investor Letter Q1 2026,Logos,2026Q1,2026-06-09,_system/reference/superinvestor-letters/2026Q1/Logos Investor Letter Q1 2026.txt
longcast-1q26-final,Longcast 1Q26+Final,Longcast,2026Q1,2026-06-09,_system/reference/superinvestor-letters/2026Q1/Longcast 1Q26+Final.txt
longriver-quarterly-letter-26-q1,Longriver   Quarterly Letter   26 Q1,Longriver,2026Q1,2026-06-09,_system/reference/superinvestor-letters/2026Q1/Longriver - Quarterly Letter - 26 Q1.txt
lux-q1-26-lux-lp-letter,Lux Q1 26 Lux Lp Letter,Lux,2026Q1,2026-06-09,_system/reference/superinvestor-letters/2026Q1/Lux Q1 26 Lux LP Letter.txt
mangrove-2026-03-partners-fund-letter,Mangrove 2026 03   Partners Fund Letter,Mangrove,2026Q1,2026-06-09,_system/reference/superinvestor-letters/2026Q1/Mangrove 2026 03 - Partners Fund Letter.txt
maple-rock-investor-letter-q1-2026-1,Maple Rock Investor Letter (Q1 2026) (1),Maple,2026Q1,2026-06-09,_system/reference/superinvestor-letters/2026Q1/Maple Rock Investor Letter (Q1 2026) (1).txt
maran-partners-fund-lp-2026-1q-letter,Maran Partners Fund Lp 2026 1Q Letter,Maran,2026Q1,2026-06-09,_system/reference/superinvestor-letters/2026Q1/Maran_Partners_Fund_LP_2026_1Q_Letter.txt
massif-capital-1q2026-letter-to-investors,Massif Capital 1Q2026 Letter To Investors,Massif,2026Q1,2026-06-09,_system/reference/superinvestor-letters/2026Q1/Massif Capital 1Q2026 Letter to Investors.txt
mcintyre-partnerships-q1-2026-letter,Mcintyre Partnerships Q1 2026 Letter,McIntyre,2026Q1,2026-06-09,_system/reference/superinvestor-letters/2026Q1/McIntyre_Partnerships_Q1_2026_Letter.txt
mge-global-equity-sp-ye25-investor-letter-and-update,Mge Global Equity Sp   Ye25 Investor Letter And Update,MGE,2026Q1,2026-06-09,_system/reference/superinvestor-letters/2026Q1/MGE_Global_Equity_SP_-_YE25_Investor_Letter_and_Update.txt
mgg-q1-2026-investor-letter,Mgg Q1 2026 Investor Letter,MGG,2026Q1,2026-06-09,_system/reference/superinvestor-letters/2026Q1/MGG Q1 2026 Investor Letter.txt
militia-2026-final-hedge-fund-letter,Militia 2026 Final Hedge Fund Letter,Militia,2026Q1,2026-06-09,_system/reference/superinvestor-letters/2026Q1/Militia 2026-Final-Hedge-Fund-Letter.txt
most-recent-alta-park-capital-quarterly-letter-series-1-0,Most Recent   Alta Park Capital   Quarterly Letter   (Series 1.0),Most,2026Q1,2026-06-09,_system/reference/superinvestor-letters/2026Q1/Most Recent - Alta Park Capital - Quarterly Letter - (Series 1.0).txt
mountaineer-partners-letter-2026-q1,Mountaineer Partners Letter 2026 Q1,Mountaineer,2026Q1,2026-06-09,_system/reference/superinvestor-letters/2026Q1/Mountaineer Partners Letter 2026-Q1.txt
mtx-kerrisdale,Mtx Kerrisdale,MTX,2026Q1,2026-06-09,_system/reference/superinvestor-letters/2026Q1/MTX-Kerrisdale.txt
newbrook-q1-2026-quarterly-letter,Newbrook Q1 2026 Quarterly Letter,Newbrook,2026Q1,2026-06-09,_system/reference/superinvestor-letters/2026Q1/Newbrook Q1 2026 Quarterly Letter.txt
norbury-capital-march-26-performance-update-veng-vfin-260401,Norbury Capital March 26 Performance Update Veng Vfin 260401,Norbury,2026Q1,2026-06-09,_system/reference/superinvestor-letters/2026Q1/Norbury Capital March 26 Performance update vENG vFIN 260401.txt
ny-sohn-conference-2026-05-12,Ny Sohn Conference   2026.05.12,NY,2026Q1,2026-06-09,_system/reference/superinvestor-letters/2026Q1/NY Sohn Conference - 2026.05.12.txt
ocellus-monthly-report-march-2026,Ocellus Monthly Report March 2026,Ocellus,2026Q1,2026-06-09,_system/reference/superinvestor-letters/2026Q1/Ocellus_Monthly_Report_March_2026.txt
ocm-q1-2026-letter,Ocm Q1 2026 Letter,OCM,2026Q1,2026-06-09,_system/reference/superinvestor-letters/2026Q1/OCM Q1 2026 Letter.txt
ocq-1q2026,Ocq 1Q2026,,2026Q1,2026-06-09,_system/reference/superinvestor-letters/2026Q1/ocq-1q2026.txt
old-farm-partners-newsletter-2026-q1,Old Farm Partners Newsletter 2026 Q1,Old,2026Q1,2026-06-09,_system/reference/superinvestor-letters/2026Q1/Old Farm Partners Newsletter 2026 Q1.txt
open-square-capital-investor-letter-2026-q1-ai,Open Square Capital Investor Letter (2026 Q1) (Ai),Open,2026Q1,2026-06-09,_system/reference/superinvestor-letters/2026Q1/Open Square Capital Investor Letter (2026 Q1) (AI).txt
orso-q126-letter,Orso Q126 Letter,Orso,2026Q1,2026-06-09,_system/reference/superinvestor-letters/2026Q1/Orso Q126 Letter.txt
parnuss-cio-outlook-discerning-earnings-potential,Parnuss Cio Outlook Discerning Earnings Potential,Parnuss,2026Q1,2026-06-09,_system/reference/superinvestor-letters/2026Q1/Parnuss CIO Outlook_Discerning Earnings Potential.txt
pavise-capital-management-monthly-performance-update-vfinal-2026-03-31,Pavise Capital Management Monthly Performance Update Vfinal 2026.03.31,Pavise,2026Q1,2026-06-09,_system/reference/superinvestor-letters/2026Q1/Pavise Capital Management Monthly Performance Update vFINAL 2026.03.31.txt
pernas-quarterly-letters-pernas-research,Pernas Quarterly Letters   Pernas Research,Pernas,2026Q1,2026-06-09,_system/reference/superinvestor-letters/2026Q1/Pernas Quarterly Letters _ Pernas Research.txt
pertento-quarterly-letter-1q26,Pertento Quarterly Letter 1Q26,Pertento,2026Q1,2026-06-09,_system/reference/superinvestor-letters/2026Q1/Pertento Quarterly Letter 1Q26.txt
phorcycs-q1-2026-investor-letter-nlp,Phorcycs Q1 2026 Investor Letter Nlp,Phorcycs,2026Q1,2026-06-09,_system/reference/superinvestor-letters/2026Q1/Phorcycs Q1 2026 Investor Letter NLP.txt
plural-partners-fund-letter-2026-q1,Plural Partners Fund Letter 2026 Q1,Plural,2026Q1,2026-06-09,_system/reference/superinvestor-letters/2026Q1/Plural_Partners_Fund_Letter_2026_Q1.txt
plustick-letter-q1-2026,Plustick Letter Q1 2026,Plustick,2026Q1,2026-06-09,_system/reference/superinvestor-letters/2026Q1/Plustick Letter Q1 2026.txt
ppc-q1-2026-letter,Ppc Q1 2026 Letter,PPC,2026Q1,2026-06-09,_system/reference/superinvestor-letters/2026Q1/PPC_Q1_2026_letter.txt
praetorian-2026-q1-investor-letter-approved,Praetorian 2026 Q1 Investor Letter   Approved,Praetorian,2026Q1,2026-06-09,_system/reference/superinvestor-letters/2026Q1/Praetorian 2026 Q1 Investor Letter - Approved.txt
readout-capital-january-2026-update,Readout Capital January 2026 Update,Readout,2026Q1,2026-06-09,_system/reference/superinvestor-letters/2026Q1/Readout Capital January 2026 Update.txt
reb-emff-lp-april-2026,Reb Emff Lp April 2026,REB,2026Q1,2026-06-09,_system/reference/superinvestor-letters/2026Q1/REB EMFF LP April 2026.txt
reb-emff-lp-march-2026,Reb Emff Lp March 2026,REB,2026Q1,2026-06-09,_system/reference/superinvestor-letters/2026Q1/REB EMFF LP March 2026.txt
right-tail-capital-investor-letter-q1-2026,Right Tail Capital Investor Letter Q1 2026,Right,2026Q1,2026-06-09,_system/reference/superinvestor-letters/2026Q1/Right Tail Capital Investor Letter Q1 2026.txt
rivermont-capital-management-q1-2026-letter,Rivermont Capital Management Q1 2026 Letter,Rivermont,2026Q1,2026-06-09,_system/reference/superinvestor-letters/2026Q1/Rivermont Capital Management Q1 2026 Letter.txt
rowan-street-q1-2026-letter-alex-kopel,Rowan Street Q1 2026 Letter   Alex Kopel,Rowan,2026Q1,2026-06-09,_system/reference/superinvestor-letters/2026Q1/Rowan Street Q1 2026 Letter - Alex Kopel.txt
rubricquarterlyletter-1q26,Rubricquarterlyletter 1Q26,RubricQuarterlyLetter,2026Q1,2026-06-09,_system/reference/superinvestor-letters/2026Q1/RubricQuarterlyLetter_1Q26.txt
sabrepoint-capital-partners-lp-q1-2026-letter,Sabrepoint Capital Partners Lp Q1 2026 Letter,Sabrepoint,2026Q1,2026-06-09,_system/reference/superinvestor-letters/2026Q1/Sabrepoint Capital Partners LP Q1 2026 Letter.txt
saga-partners-q1-2026-investor-letter-joe-frankenfield,Saga Partners Q1 2026 Investor Letter   Joe Frankenfield,Saga,2026Q1,2026-06-09,_system/reference/superinvestor-letters/2026Q1/Saga Partners Q1 2026 Investor Letter - Joe Frankenfield.txt
saturn-v-capital-investor-letter-2026-q1,Saturn V Capital Investor Letter 2026.Q1,Saturn,2026Q1,2026-06-09,_system/reference/superinvestor-letters/2026Q1/Saturn V Capital Investor Letter 2026.Q1.txt
seg-fund-commentary-mar-2026-1,Seg Fund Commentary   Mar. 2026 (1),SEG,2026Q1,2026-06-09,_system/reference/superinvestor-letters/2026Q1/SEG Fund Commentary - Mar. 2026 (1).txt
shipyard-capital-lp-2026-q1-letter,Shipyard Capital Lp   2026 Q1 Letter,Shipyard,2026Q1,2026-06-09,_system/reference/superinvestor-letters/2026Q1/Shipyard Capital LP - 2026 Q1 letter.txt
silver-beech-first-quarter-2026-investor-letter-5-18-2026,Silver Beech   First Quarter 2026 Investor Letter (5.18.2026),Silver,2026Q1,2026-06-09,_system/reference/superinvestor-letters/2026Q1/Silver Beech - First Quarter 2026 Investor Letter (5.18.2026).txt
silverringvaluepartners-2026q1-ltr,Silverringvaluepartners 2026Q1 Ltr,SilverRingValuePartners,2026Q1,2026-06-09,_system/reference/superinvestor-letters/2026Q1/SilverRingValuePartners_2026Q1_Ltr.txt
situationalawareness,Situationalawareness,,2026Q1,2026-06-09,_system/reference/superinvestor-letters/2026Q1/situationalawareness.txt
sorengo-2025-letter-to-shareholders-final-v2,Sorengo 2025 Letter To Shareholders Final V2,Sorengo,2026Q1,2026-06-09,_system/reference/superinvestor-letters/2026Q1/Sorengo 2025_Letter_to_Shareholders_FINAL_V2.txt
southpoint-1q-2026-letter,Southpoint 1Q 2026 Letter,Southpoint,2026Q1,2026-06-09,_system/reference/superinvestor-letters/2026Q1/Southpoint 1Q 2026 Letter.txt
starfort-letter-1-q1-2026,Starfort Letter (1) Q1 2026,Starfort,2026Q1,2026-06-09,_system/reference/superinvestor-letters/2026Q1/Starfort Letter (1) Q1 2026.txt
starfort-letter-q1-2026,Starfort Letter Q1 2026,Starfort,2026Q1,2026-06-09,_system/reference/superinvestor-letters/2026Q1/Starfort Letter Q1 2026.txt
steamboat-2026-first-quarter-letter,Steamboat 2026 First Quarter Letter,Steamboat,2026Q1,2026-06-09,_system/reference/superinvestor-letters/2026Q1/Steamboat_2026_First_Quarter_Letter.txt
sunriver-2026-q1-letter,Sunriver 2026 Q1 Letter,Sunriver,2026Q1,2026-06-09,_system/reference/superinvestor-letters/2026Q1/Sunriver 2026 Q1 Letter.txt
tcm-2026-q1-letter,Tcm 2026 Q1 Letter,TCM,2026Q1,2026-06-09,_system/reference/superinvestor-letters/2026Q1/TCM 2026 Q1 Letter.txt
tempest-investor-letter-1q26,Tempest Investor Letter   1Q26,Tempest,2026Q1,2026-06-09,_system/reference/superinvestor-letters/2026Q1/Tempest Investor Letter - 1Q26.txt
tensile-capital-q1-2026-letter,Tensile Capital Q1 2026 Letter,Tensile,2026Q1,2026-06-09,_system/reference/superinvestor-letters/2026Q1/Tensile Capital Q1 2026 Letter.txt
tensilecapital-2026-04-29-ai-ecomm,Tensilecapital 2026 04 29 Ai Ecomm,TensileCapital,2026Q1,2026-06-09,_system/reference/superinvestor-letters/2026Q1/TensileCapital_2026-04-29_AI-EComm.txt
third-point-q1-2026-investor-letter-mlhl,Third Point Q1 2026 Investor Letter Mlhl,Third,2026Q1,2026-06-09,_system/reference/superinvestor-letters/2026Q1/Third_Point_Q1_2026_Investor_Letter_MLHL.txt
upslope-2026q1-letter,Upslope+ +2026Q1+Letter,Upslope+,2026Q1,2026-06-09,_system/reference/superinvestor-letters/2026Q1/Upslope+-+2026Q1+Letter.txt
valley-forge-fund-commentary-dec-2025-8,Valley Forge Fund Commentary   Dec. 2025 (8),Valley,2026Q1,2026-06-09,_system/reference/superinvestor-letters/2026Q1/Valley Forge Fund Commentary - Dec. 2025 (8).txt
venator-march-2026-final,Venator March 2026 Final,Venator,2026Q1,2026-06-09,_system/reference/superinvestor-letters/2026Q1/Venator March-2026-Final.txt
venezuela-update-5-jan-2026,Venezuela+Update+5+Jan+2026,,2026Q1,2026-06-09,_system/reference/superinvestor-letters/2026Q1/Venezuela+Update+5+Jan+2026.txt
vu-mr-202604,Vu Mr 202604,VU,2026Q1,2026-06-09,_system/reference/superinvestor-letters/2026Q1/VU_MR_202604.txt
west-hall-1q-2026-partner-letter,West Hall 1Q 2026 Partner Letter,West,2026Q1,2026-06-09,_system/reference/superinvestor-letters/2026Q1/West Hall 1Q 2026 Partner Letter.txt
westerly-april-2026-update-and-letter,Westerly April 2026 Update And Letter,Westerly,2026Q1,2026-06-09,_system/reference/superinvestor-letters/2026Q1/Westerly April 2026 Update and Letter.txt
western-standard,Western Standard,Western,2026Q1,2026-06-09,_system/reference/superinvestor-letters/2026Q1/Western Standard.txt
whats-going-on-in-private-credit,Whats Going On In Private Credit,,2026Q1,2026-06-09,_system/reference/superinvestor-letters/2026Q1/whats-going-on-in-private-credit.txt
whetstone-q1-2026,Whetstone Q1 2026,Whetstone,2026Q1,2026-06-09,_system/reference/superinvestor-letters/2026Q1/Whetstone_Q1_2026.txt
white-brook-capital-first-quarter-2026-commentary,White Brook Capital First Quarter 2026 Commentary,White,2026Q1,2026-06-09,_system/reference/superinvestor-letters/2026Q1/White Brook Capital First Quarter 2026 Commentary.txt
y2-capital-newsletter-mar-2026-01,Y2 Capital Newsletter Mar 2026.01,Y2,2026Q1,2026-06-09,_system/reference/superinvestor-letters/2026Q1/Y2_Capital_Newsletter_Mar_2026.01.txt
hfa-050626,Hfa 050626,HFA,2026Q2,2026-06-09,_system/reference/superinvestor-letters/2026Q2/HFA-050626.txt
kedm-2026-05-03-vol-272-the-dire-state-of-us-consumer,Kedm 2026.05.03 Vol.272 The Dire State Of Us Consumer,KEDM,2026Q2,2026-06-09,_system/reference/superinvestor-letters/2026Q2/KEDM-2026.05.03-Vol.272-The-dire-state-of-US-consumer.txt
kedm-lite-2026-04-28-vol-11,Kedm Lite 2026.04.28 Vol.11,KEDM,2026Q2,2026-06-09,_system/reference/superinvestor-letters/2026Q2/KEDM-Lite-2026.04.28-Vol.11.txt
p2am-event-fund-april-2026,P2Am Event Fund April 2026,P2AM,2026Q2,2026-06-09,_system/reference/superinvestor-letters/2026Q2/P2AM Event Fund April 2026.txt
sageone-india,Sageone India,SageOne,2026Q2,2026-06-09,_system/reference/superinvestor-letters/2026Q2/SageOne India.txt
sohn-hk-conference-2026-05-20,Sohn Hk Conference   2026.05.20,Sohn,2026Q2,2026-06-09,_system/reference/superinvestor-letters/2026Q2/Sohn HK Conference - 2026.05.20.txt
readme,Readme,,unknown,2026-06-09,_system/reference/superinvestor-letters/README.md
